forecast_day,time_of_1h,1h,2h,3h,4h,5h,6h,7h,8h,9h,10h,11h,12h,13h,14h,15h,16h,17h,18h,19h,20h,21h,22h,23h,24h,25h,26h,27h,28h,29h,30h,31h,32h,33h,34h,35h,36h,37h,38h,39h,40h,41h,42h,43h,44h,45h,46h,47h,48h,49h,50h,51h,52h,53h,54h,55h,56h,57h,58h,59h,60h,61h,62h,63h,64h,65h,66h,67h,68h,69h,70h,71h,72h,73h,74h,75h,76h,77h,78h,79h,80h,81h,82h,83h,84h,85h,86h,87h,88h,89h,90h,91h,92h,93h,94h,95h,96h,97h,98h,99h,100h,101h,102h,103h,104h,105h,106h,107h,108h,109h,110h,111h,112h,113h,114h,115h,116h,117h,118h,119h,120h,121h,122h,123h,124h,125h,126h,127h,128h,129h,130h,131h,132h,133h,134h,135h,136h,137h,138h,139h,140h,141h,142h,143h,144h,145h,146h,147h,148h,149h,150h,151h,152h,153h,154h,155h,156h,157h,158h,159h,160h,161h,162h,163h,164h
2025-10-10,2025-10-10 05:00:00+00:00,28651,27761,27171,26804,26895,27678,29208,30213,30607,31195,32277,33492,34741,36116,37265,38207,38552,38198,36969,35760,34503,33085,31500,29898,28439,27553,26851,26395,26187,26342,26807,27374,28197,29271,30624,32032,33524,34906,36142,37163,37617,37589,36645,35544,34360,32965,31414,29889,28785,27899,27244,26755,26534,26584,26918,27396,28303,29600,31132,32860,34608,36070,37408,38455,38972,39018,38166,37194,35848,34299,32433,30684,29512,28535,27838,27324,27291,27847,28917,29867,30409,31172,32092,33030,33804,34487,34976,35282,35458,35320,34716,34240,33428,32191,30707,29304,28275,27513,27010,26756,26931,27839,29508,30589,31139,31717,32671,33676,34596,35534,36172,36736,37068,36918,36362,35775,34864,33518,31735,30022,28831,27941,27365,27084,27203,28018,29678,30730,31254,32020,33229,34613,35923,37181,38184,38884,39233,38985,38157,37363,36208,34621,32609,30763,28713,27743,27091,26719,26801,27584,29211,30252,30833,31621,32874,34274,35648,36883,37852,38378,38639,38241,37298,36504,35337
2025-10-11,2025-10-11 05:00:00+00:00,28376,27438,26771,26322,26119,26281,26761,27336,28092,29118,30412,31738,33169,34557,35852,36926,37406,37345,36319,35261,34087,32725,31250,29703,28534,27638,26975,26535,26278,26362,26709,27141,28051,29281,30805,32509,34286,35943,37337,38494,39093,39175,38226,37275,35982,34374,32555,30791,29590,28565,27842,27272,27166,27582,28167,29085,29677,30645,31516,32324,33071,33748,34270,34609,34726,34681,34180,33708,33011,31814,30468,29092,28021,27291,26837,26545,26741,27588,29297,30430,30969,31655,32630,33575,34519,35553,36217,36713,36899,36806,36194,35503,34594,33260,31539,29824,28439,27580,27032,26742,26864,27693,29345,30401,30898,31605,32677,33778,34998,36260,37132,37903,38121,37916,37193,36415,35318,33900,31985,30232,28773,27902,27327,26988,27065,27882,29503,30607,31117,31882,33153,34411,35737,37090,38069,38868,39121,38870,37994,37187,36046,34524,32610,30749,28546,27607,26965,26587,26607,27371,28943,30011,30537,31328,32553,33791,35064,36348,37335,38015,38179,37787,36624,35589,34363
2025-10-12,2025-10-12 05:00:00+00:00,28575,27693,27047,26568,26326,26415,26711,27206,28047,29281,30689,32387,34130,35709,37210,38452,39036,39055,38197,37293,36077,34441,32545,30834,29417,28450,27740,27242,27171,27640,28637,29059,29667,30910,31674,32629,33455,34356,34932,35466,35765,35731,35230,34770,33971,32657,31166,29658,28440,27637,27143,26828,27004,27846,29467,30616,31185,31951,33016,34189,35450,36642,37580,38254,38426,38157,37371,36625,35600,34120,32215,30391,28972,28094,27489,27149,27242,28034,29601,30715,31234,31955,33098,34374,35725,37095,38133,38926,39170,38877,37988,37115,35953,34419,32433,30590,29118,28216,27605,27264,27347,28136,29689,30824,31341,32157,33389,34752,36154,37566,38711,39561,39817,39519,38703,37854,36733,35095,33135,31193,29574,28606,27962,27581,27591,28314,29931,30951,31532,32375,33641,34874,36156,37261,38186,38790,38885,38473,37388,36395,35192,33798,32237,30503,28146,27228,26545,26103,25888,25983,26428,26999,27795,28864,29998,31098,32115,33036,33835,34332,34531,34301,33447,32672,31654
2025-10-13,2025-10-13 05:00:00+00:00,29942,29030,28252,27782,27808,28512,29815,30610,31103,31540,32315,32994,33692,34464,35022,35561,35813,35653,35122,34694,33934,32712,31150,29619,28366,27663,27176,26888,26987,27864,29472,30541,31123,31878,32959,34157,35486,36833,37904,38729,39015,38626,37758,36893,35769,34194,32294,30487,29000,28125,27483,27179,27237,28044,29578,30673,31169,32022,33198,34473,35868,37354,38452,39166,39394,39048,38022,37100,35824,34292,32341,30465,28954,28083,27482,27157,27191,28016,29554,30595,31124,31918,33083,34321,35634,37064,38129,38956,39201,38896,37961,37048,35891,34437,32535,30765,29150,28250,27684,27320,27342,28088,29658,30737,31277,32071,33220,34373,35504,36689,37632,38365,38452,37938,36881,35926,34736,33468,31864,30286,28784,27846,27212,26779,26541,26681,27188,27717,28521,29519,30581,31604,32565,33459,34199,34701,34843,34582,33715,32989,31941,30839,29523,28230,26310,25560,25053,24757,24626,24777,25225,25709,26386,27126,27792,28429,29074,29703,30328,30922,31204,31335,30944,30744,30062
2025-10-14,2025-10-14 05:00:00+00:00,28320,27571,27056,26805,26969,27899,29527,30816,31435,32127,33121,34247,35334,36524,37459,38217,38498,38172,37388,36732,35660,34287,32452,30691,29129,28213,27559,27231,27317,28145,29685,30789,31266,32005,33091,34430,35736,37089,38117,38976,39282,38884,37867,37045,35847,34279,32324,30526,28936,27991,27321,26988,27050,27942,29498,30562,30986,31646,32723,34043,35404,36793,37861,38724,39031,38605,37677,36828,35674,34163,32356,30581,29070,28190,27546,27217,27284,28110,29697,30791,31274,32020,33171,34258,35499,36687,37634,38327,38457,37998,36913,35897,34710,33428,31855,30335,28970,27967,27206,26774,26565,26770,27331,27914,28679,29589,30573,31492,32329,33125,33828,34282,34346,34078,33224,32543,31670,30595,29382,28154,26936,26221,25670,25384,25291,25508,26014,26582,27195,27816,28392,28964,29533,30144,30696,31282,31632,31735,31484,31242,30597,29751,28505,27222,25952,25309,24906,24793,25079,26099,27695,28902,29340,29730,30452,31225,32195,33214,34019,34776,35078,34918,34444,34021,33104
2025-10-15,2025-10-15 05:00:00+00:00,29043,28158,27461,27169,27201,27989,29607,30714,31184,31941,33053,34301,35666,36993,38093,38894,39179,38867,37893,36965,35753,34122,32263,30458,28997,28079,27416,27083,27117,27895,29498,30528,31003,31697,32772,34033,35310,36668,37637,38390,38577,38176,37300,36483,35399,33894,32098,30340,28942,28082,27435,27128,27183,27955,29519,30603,31138,31889,32976,34086,35237,36444,37415,38121,38305,37875,36792,35795,34656,33315,31792,30184,28883,27931,27220,26792,26575,26711,27226,27737,28513,29460,30460,31400,32216,33020,33734,34165,34321,34088,33206,32455,31520,30458,29278,28086,26825,26132,25657,25400,25290,25466,25970,26463,27091,27742,28331,28931,29540,30172,30777,31413,31785,31981,31713,31488,30840,29902,28580,27296,26676,26053,25630,25502,25751,26717,28378,29624,30120,30629,31403,32155,33046,33993,34740,35385,35688,35563,35084,34602,33711,32460,30806,29171,27306,26506,25996,25769,25872,26718,28337,29455,29831,30255,30903,31467,32056,32677,33105,33408,33444,33174,32715,32322,31685
2025-10-16,2025-10-16 05:00:00+00:00,29318,28264,27539,27229,27276,28056,29644,30698,31146,31831,32908,34132,35447,36809,37903,38711,39004,38631,37728,36814,35691,34194,32438,30613,29105,28228,27608,27301,27390,28218,29840,30923,31398,32165,33322,34395,35592,36795,37713,38445,38643,38324,37293,36240,35141,33800,32263,30598,29207,28283,27525,27071,26864,27028,27555,28113,28897,29968,31142,32297,33309,34258,35113,35566,35734,35441,34445,33538,32434,31331,30004,28630,27133,26385,25850,25561,25484,25697,26187,26714,27340,27936,28402,28820,29264,29710,30216,30713,31109,31354,31111,30989,30455,29616,28475,27182,26544,25931,25563,25445,25710,26675,28372,29667,30096,30517,31149,31754,32550,33411,34156,34861,35164,35109,34637,34245,33461,32283,30675,28953,27857,27114,26626,26389,26549,27402,29052,30173,30531,30903,31438,31887,32367,32851,33220,33450,33544,33394,32983,32660,32065,31069,29705,28275,26607,25994,25575,25439,25676,26610,28353,29472,29688,29893,30240,30636,31103,31618,32117,32502,32778,32745,32377,32052,31471
2025-10-17,2025-10-17 05:00:00+00:00,29032,28114,27559,27225,27325,28085,29651,30881,31290,31966,33035,34090,35258,36548,37702,38500,38939,38521,37373,36284,35064,33685,32191,30638,29137,28169,27443,27016,26817,26948,27515,28006,28838,29913,30922,31870,32718,33474,34175,34505,34661,34336,33463,32615,31627,30656,29366,28137,26848,26160,25704,25479,25444,25697,26174,26749,27315,27837,28212,28562,29006,29428,29936,30423,30843,31075,30881,30762,30277,29462,28292,27066,26438,25836,25471,25397,25684,26670,28356,29674,30066,30481,31099,31695,32433,33353,34097,34749,35090,34963,34360,33932,33034,31797,30270,28654,27524,26826,26377,26191,26397,27241,28892,30050,30282,30483,30764,31021,31330,31751,32115,32281,32456,32332,31976,31784,31298,30374,29151,27864,26968,26431,26131,26075,26398,27364,29144,30295,30428,30432,30581,30844,31203,31677,32122,32524,32776,32760,32465,32242,31705,30724,29394,28026,26305,25701,25335,25227,25503,26437,28160,29354,29548,29643,29924,30156,30524,31009,31383,31668,31856,31789,31482,31257,30736
2025-10-18,2025-10-18 05:00:00+00:00,29431,28474,27800,27357,27138,27287,27773,28107,28875,29721,30478,31164,31702,32200,32666,33059,33233,33055,32315,31754,30976,30118,29017,27869,26612,25955,25551,25343,25342,25597,26283,26942,27539,28066,28351,28688,29031,29403,29800,30195,30563,30773,30568,30496,30132,29435,28317,27160,26385,25842,25519,25474,25757,26741,28461,29789,30111,30519,31068,31657,32250,33000,33630,34133,34383,34049,33462,33153,32469,31404,29988,28488,27326,26684,26294,26055,26268,27181,28892,30088,30301,30471,30793,31199,31494,31922,32257,32451,32595,32386,31988,31863,31414,30572,29382,27958,27029,26506,26202,26143,26429,27459,29255,30390,30439,30462,30855,31121,31494,32003,32506,32944,33211,33081,32750,32578,32011,31079,29797,28380,27418,26786,26382,26267,26493,27399,28986,30135,30516,30755,31184,31600,32079,32622,33098,33394,33619,33370,32912,32692,32125,31171,29877,28427,26584,25960,25551,25418,25612,26352,28021,29094,29520,29754,30179,30507,30923,31415,31829,32176,32272,31956,31323,30968,30399
2025-10-19,2025-10-19 05:00:00+00:00,26854,26231,25766,25565,25533,25789,26288,26937,27438,27951,28270,28570,28899,29264,29624,30037,30453,30597,30375,30417,29997,29327,28200,27078,26439,25871,25572,25534,25814,26732,28410,29753,30095,30550,31163,31744,32363,33201,33844,34328,34567,34184,33540,33167,32424,31340,29950,28489,27404,26709,26292,26157,26342,27195,28904,30150,30399,30640,30989,31304,31677,32129,32385,32492,32603,32333,31988,31847,31365,30543,29386,28137,27288,26771,26529,26524,26853,27847,29694,30946,31008,31014,31100,31247,31501,31927,32269,32489,32641,32435,32132,32037,31522,30700,29504,28233,27346,26772,26436,26370,26622,27526,29267,30482,30633,30813,31110,31360,31724,32262,32713,33045,33285,33071,32726,32563,32001,31066,29782,28419,27403,26726,26321,26194,26354,27153,28821,30058,30323,30601,31076,31440,31717,32185,32461,32610,32664,32320,31752,31410,30831,30061,29107,27937,26162,25517,25070,24858,24818,25075,25704,26393,27015,27701,28244,28611,28954,29346,29722,30138,30403,30427,30101,29807,29292,28648
2025-10-20,2025-10-20 05:00:00+00:00,26432,25849,25526,25438,25774,26740,28428,29754,30158,30566,31163,31711,32224,32903,33430,33846,34074,33819,33290,33028,32454,31403,30001,28424,27251,26595,26206,26091,26348,27243,28983,30256,30495,30722,31048,31307,31624,32022,32270,32417,32551,32330,32010,31897,31459,30639,29443,28115,27313,26795,26551,26570,26909,27924,29795,30997,31058,31054,31145,31302,31554,31967,32275,32568,32795,32620,32268,32141,31674,30805,29548,28239,27432,26848,26512,26474,26765,27685,29460,30640,30815,30998,31293,31535,31803,32223,32557,32820,33026,32868,32534,32386,31899,30975,29712,28357,27440,26791,26408,26325,26556,27436,29101,30311,30601,30935,31311,31556,31763,32042,32196,32305,32366,32051,31530,31291,30797,30092,29141,28000,26887,26278,25865,25667,25701,25999,26576,27378,27967,28684,29129,29364,29533,29640,29780,29986,30206,30273,30093,30023,29627,28982,28145,27156,25592,25044,24633,24465,24428,24661,25149,25760,26355,27056,27606,28147,28671,29235,29702,30199,30599,30765,30527,30469,29992,29180
2025-10-21,2025-10-21 05:00:00+00:00,27296,26648,26295,26172,26455,27344,29059,30274,30487,30647,30901,31148,31452,31826,32061,32286,32476,32331,31979,31866,31424,30566,29354,28085,27048,26550,26328,26337,26705,27676,29485,30670,30757,30742,30863,31041,31322,31764,32156,32490,32733,32598,32270,32024,31502,30561,29314,27994,27102,26523,26212,26159,26459,27421,29208,30402,30562,30679,30908,31087,31376,31789,32154,32521,32785,32709,32416,32304,31802,30863,29582,28210,27217,26576,26207,26098,26331,27175,28823,30003,30314,30598,30989,31198,31426,31717,31875,32019,32148,31943,31483,31261,30759,30024,29053,27874,26847,26194,25751,25553,25529,25790,26373,27082,27734,28507,29080,29362,29541,29659,29823,30076,30305,30403,30240,30212,29752,29096,28209,27189,26248,25652,25232,25016,24955,25174,25639,26235,26887,27641,28260,28768,29273,29798,30208,30791,31225,31492,31318,31393,30910,30000,28782,27474,25838,25227,24868,24753,25012,25938,27534,28920,29381,29950,30602,31101,31582,32119,32467,32670,32784,32600,32221,32023,31405
2025-10-22,2025-10-22 05:00:00+00:00,27274,26750,26522,26506,26870,27906,29775,30989,31130,31042,31076,31201,31407,31760,32060,32290,32566,32521,32321,32195,31690,30801,29510,28242,27141,26623,26311,26275,26607,27574,29330,30552,30750,30762,30907,31008,31224,31601,31921,32196,32486,32476,32325,32247,31756,30866,29577,28272,27324,26723,26355,26252,26509,27360,29014,30231,30520,30694,30927,31039,31098,31288,31364,31431,31536,31429,31126,30947,30452,29799,28849,27762,26810,26209,25769,25552,25544,25824,26447,27149,27797,28472,28934,29169,29262,29242,29255,29320,29544,29748,29761,29787,29434,28828,27980,27033,26223,25683,25300,25077,25041,25244,25751,26366,27012,27632,28107,28490,28849,29147,29416,29768,30172,30485,30502,30639,30236,29473,28312,27142,26278,25733,25419,25374,25708,26617,28303,29628,30036,30441,30898,31163,31395,31701,31855,32000,32176,32168,32073,32003,31486,30609,29321,27995,26297,25694,25363,25287,25561,26459,28164,29403,29686,29841,30080,30203,30308,30501,30552,30587,30682,30692,30691,30771,30357
2025-10-23,2025-10-23 05:00:00+00:00,27274,26773,26489,26477,26830,27851,29717,30987,31148,31100,31140,31204,31362,31719,32034,32289,32586,32546,32392,32348,31864,30947,29701,28407,27463,26857,26492,26438,26701,27575,29198,30392,30658,30807,30989,31071,31172,31341,31389,31427,31512,31354,31099,30976,30492,29798,28878,27790,26810,26216,25823,25640,25635,25918,26548,27267,27885,28571,28977,29148,29198,29175,29187,29234,29444,29636,29648,29759,29398,28801,27981,27036,26323,25805,25426,25255,25220,25419,25920,26544,27188,27810,28223,28540,28830,29133,29359,29676,29974,30278,30354,30563,30120,29356,28241,27073,26324,25812,25479,25494,25808,26782,28483,29871,30232,30591,30909,31090,31262,31490,31592,31636,31796,31785,31797,31863,31370,30492,29263,27968,27070,26527,26224,26166,26459,27378,29117,30362,30631,30783,30919,30980,31101,31262,31317,31329,31466,31463,31529,31660,31260,30454,29280,28067,26468,25965,25702,25689,26028,27013,28832,30139,30375,30399,30424,30336,30259,30285,30239,30163,30287,30322,30504,30746,30510
2025-10-24,2025-10-24 05:00:00+00:00,27429,26822,26468,26338,26596,27452,29089,30317,30608,30796,31007,31117,31175,31372,31400,31482,31527,31380,31125,31022,30590,29965,29031,27962,26832,26234,25825,25633,25623,25907,26484,27139,27772,28496,28966,29167,29217,29214,29247,29351,29538,29708,29765,29810,29434,28849,28030,27109,26325,25796,25368,25175,25139,25336,25806,26350,26998,27635,28098,28412,28664,28901,29101,29450,29800,30086,30152,30388,29947,29262,28182,26998,26340,25834,25503,25531,25853,26830,28548,29909,30258,30543,30839,30957,31010,31247,31355,31475,31642,31653,31717,31816,31328,30494,29270,28015,27101,26552,26188,26138,26415,27327,29082,30318,30592,30738,30932,30952,30909,31075,31090,31090,31188,31190,31314,31501,31109,30383,29258,28098,27295,26800,26513,26540,26868,27848,29749,31090,31317,31348,31333,31164,30950,30938,30809,30696,30790,30860,31125,31499,31281,30687,29651,28536,27135,26705,26464,26529,26946,28004,29961,31295,31385,31201,30997,30643,30296,30201,30051,29934,29994,30064,30343,30735,30523
2025-10-25,2025-10-25 05:00:00+00:00,27036,26426,26003,25794,25784,26082,26684,27351,28115,28771,29211,29382,29399,29343,29370,29521,29668,29824,29884,29942,29548,28970,28149,27184,26417,25886,25510,25284,25237,25419,25902,26493,27172,27860,28317,28663,28905,29068,29280,29546,29816,30102,30157,30385,29954,29241,28155,27017,26319,25800,25493,25493,25816,26802,28497,29886,30276,30532,30841,30976,31002,31236,31288,31404,31526,31522,31553,31695,31198,30343,29152,27910,27103,26538,26240,26130,26422,27342,29078,30383,30738,30875,31039,31031,30932,30971,30936,30872,30889,30857,30999,31350,31078,30414,29355,28196,27549,27061,26794,26831,27180,28206,30058,31447,31729,31689,31653,31432,31146,31081,30891,30787,30787,30812,31089,31498,31296,30689,29699,28585,28010,27549,27318,27370,27772,28856,30749,32054,32166,31968,31789,31466,31104,31018,30801,30680,30694,30703,30969,31378,31161,30557,29556,28522,27128,26712,26538,26560,26973,28035,29947,31319,31447,31181,30955,30621,30266,30185,30015,29921,29878,29751,29760,29936,29751
2025-10-26,2025-10-26 05:00:00+00:00,26535,25979,25554,25347,25339,25557,26031,26725,27490,28127,28545,28880,29109,29271,29411,29615,29941,30213,30256,30424,30121,29422,28327,27206,26345,25848,25562,25565,25916,26902,28559,29943,30419,30684,30941,31026,31080,31199,31179,31193,31313,31333,31427,31586,31154,30342,29124,27897,27063,26527,26205,26109,26413,27310,29007,30272,30720,30904,31105,31144,31071,31057,30969,30903,30952,30964,31152,31416,31181,30508,29454,28338,27650,27211,26981,27044,27452,28498,30357,31805,32161,32136,32074,31884,31645,31510,31243,31073,31065,31143,31471,31867,31678,31084,30050,28944,28246,27808,27607,27686,28111,29222,31124,32499,32693,32457,32233,31873,31484,31308,31017,30861,30899,30924,31241,31650,31463,30885,29926,28892,28069,27701,27551,27607,28044,29119,31000,32354,32530,32227,31917,31558,31162,30928,30666,30523,30513,30462,30563,30768,30569,30082,29334,28445,27105,26644,26413,26291,26451,26867,27623,28370,28858,29037,29004,28835,28628,28464,28455,28543,28700,28843,28957,29085,28785
2025-10-27,2025-10-27 05:00:00+00:00,26680,26156,25842,25855,26187,27161,28884,30254,30715,30958,31199,31303,31341,31504,31474,31526,31653,31679,31752,31832,31374,30553,29312,28079,27205,26651,26318,26270,26565,27487,29172,30444,30845,31022,31213,31294,31252,31309,31202,31177,31189,31197,31387,31615,31324,30598,29518,28399,27719,27282,27044,27110,27499,28535,30415,31826,32203,32206,32195,32015,31785,31673,31392,31204,31195,31216,31524,31920,31742,31163,30127,29030,28373,27959,27761,27871,28331,29435,31346,32760,32919,32620,32319,31884,31503,31301,31012,30853,30869,30936,31282,31713,31602,31048,30087,29084,28428,28057,27941,28026,28485,29592,31509,32864,32984,32622,32198,31760,31332,31081,30786,30608,30619,30592,30754,30983,30801,30344,29595,28720,28173,27771,27541,27520,27713,28180,29016,29843,30392,30491,30305,29937,29576,29284,29138,29108,29292,29522,29852,30064,29871,29410,28691,27899,26484,26029,26252,25802,25763,25844,26186,26764,27459,27979,28121,28131,28140,28195,28366,28531,28814,29140,29395,29573,29638,29150
2025-10-28,2025-10-28 05:00:00+00:00,27239,26701,26395,26336,26639,27575,29253,30503,30827,31051,31261,31319,31275,31318,31198,31127,31197,31266,31437,31632,31343,30666,29581,28472,27757,27303,27060,27124,27504,28528,30359,31743,32081,32066,32074,31895,31702,31576,31289,31120,31102,31183,31491,31823,31625,31052,30042,28987,28324,27924,27786,27855,28325,29459,31412,32851,32949,32645,32297,31829,31399,31190,30907,30703,30728,30810,31171,31577,31464,30940,29982,28991,28291,27909,27793,27881,28333,29441,31355,32696,32784,32420,32034,31619,31239,31052,30784,30653,30679,30628,30799,30953,30736,30258,29476,28606,28040,27585,27345,27357,27527,28020,28858,29774,30371,30572,30503,30219,29879,29557,29341,29285,29420,29689,30071,30335,30165,29818,29110,28309,27681,27111,27471,27011,26992,27123,27476,28124,28801,29242,29310,29187,29096,29045,29104,29178,29409,29726,30062,30297,30308,29747,29118,28316,27336,25892,25474,25314,25422,25856,26969,28697,30028,30319,30410,30491,30463,30443,30499,30473,30493,30584,30672,30764,30711
2025-10-29,2025-10-29 05:00:00+00:00,27964,27519,27285,27369,27730,28803,30678,32137,32373,32428,32416,32208,31953,31758,31423,31198,31174,31287,31662,32010,31876,31309,30280,29226,28522,28155,28026,28078,28566,29677,31695,33129,33219,32878,32535,32057,31607,31319,30979,30747,30752,30843,31214,31596,31482,30966,29976,28983,28301,27937,27822,27886,28357,29475,31459,32858,32943,32586,32215,31788,31380,31124,30860,30666,30649,30612,30785,30923,30709,30251,29468,28608,28086,27651,27375,27347,27561,28052,28953,29920,30554,30883,30864,30647,30309,29950,29688,29556,29641,29917,30335,30590,30432,30095,29420,28669,28063,27630,27747,27692,27537,27682,28093,28812,29544,30028,30097,29895,29668,29487,29349,29191,29258,29543,29962,30337,30478,30045,29451,28661,27696,26950,26602,26476,26610,27081,28244,30158,31485,31665,31557,31450,31287,31125,31033,30940,30913,30997,31162,31353,31320,30793,30110,29216,28114,26741,26351,26171,26215,26637,27708,29568,30792,30936,30812,30729,30596,30494,30506,30471,30496,30563,30655,30817,30742,30174
2025-10-30,2025-10-30 05:00:00+00:00,28778,28447,28313,28299,28831,30004,31987,33521,33560,33279,32942,32438,31964,31658,31273,31004,31049,31201,31635,32028,31901,31355,30405,29430,28521,28175,28083,28168,28638,29708,31677,33161,33263,32893,32485,32062,31587,31300,30952,30811,30852,30839,31025,31168,30951,30466,29719,28881,28035,27558,27327,27299,27474,27944,28816,29801,30540,31009,31132,31007,30684,30313,30035,29866,29913,30170,30585,30895,30729,30394,29744,28971,28378,27947,28227,27898,27916,28052,28488,29231,30098,30583,30647,30377,30100,29820,29620,29420,29485,29795,30234,30690,30895,30478,29890,29093,28146,27490,27158,27060,27228,27771,28985,30957,32328,32460,32247,32016,31708,31402,31248,31062,31044,31187,31396,31650,31610,31069,30371,29526,28448,27678,27287,27105,27151,27619,28672,30568,31785,31918,31729,31575,31405,31287,31358,31367,31396,31503,31619,31781,31621,30974,30181,29236,28108,26580,26146,25932,25964,26380,27394,29268,30515,30736,30708,30706,30659,30645,30741,30799,30869,30935,31015,31125,30964
2025-10-31,2025-10-31 05:00:00+00:00,28512,28191,28100,28188,28690,29852,31743,33134,33421,32975,32436,31880,31429,31151,30817,30662,30726,30773,30965,31201,30965,30438,29624,28713,28064,27629,27363,27328,27499,27967,28870,29819,30532,30955,31021,30851,30541,30210,29955,29798,29885,30157,30588,30891,30759,30361,29700,28899,28538,28571,28447,28056,28068,28279,28724,29496,30241,30704,30726,30397,30070,29750,29538,29358,29455,29753,30231,30638,30810,30363,29732,28936,27964,27460,27154,27023,27130,27695,28889,30777,32073,32198,32013,31795,31532,31308,31278,31202,31220,31306,31497,31707,31597,30963,30202,29327,28241,27611,27256,27051,27044,27500,28594,30411,31552,31678,31569,31477,31380,31401,31592,31726,31806,31878,31927,31982,31737,30995,30119,29139,27935,27227,26809,26552,26535,26973,28022,29802,30953,31155,31203,31258,31304,31378,31573,31700,31775,31839,31872,31900,31683,30980,30099,29144,27997,26568,26168,25903,25878,26295,27332,29128,30290,30512,30533,30579,30592,30654,30852,30994,31060,31082,31103,31176,30931
2025-11-01,2025-11-01 05:00:00+00:00,27635,27161,26930,26917,27127,27566,28396,29403,30121,30507,30559,30419,30133,29834,29589,29640,29733,30012,30415,30713,30601,30235,29585,28756,28050,28168,27686,27848,27676,27904,28337,29067,29808,30222,30261,29972,29696,29459,29269,29125,29258,29586,29997,30339,30511,30063,29483,28745,27818,27203,26857,26798,26945,27511,28692,30609,31809,31921,31757,31527,31259,31089,30980,30873,30934,31038,31241,31429,31311,30675,29979,29182,28078,27280,26882,26710,26747,27170,28255,29980,31046,31195,31134,31098,31065,31128,31345,31551,31722,31773,31793,31786,31494,30734,29956,29081,27814,26973,26503,26313,26301,26695,27731,29435,30549,30799,30908,31027,31133,31265,31467,31669,31767,31759,31766,31745,31500,30787,30010,29160,27987,27121,26702,26493,26511,26902,27884,29619,30727,30978,31054,31132,31156,31231,31400,31576,31668,31685,31707,31731,31515,30777,29977,29139,27885,26252,25779,25562,25533,25854,26778,28326,29466,29843,30091,30237,30320,30388,30463,30494,30560,30460,30355,30184,29847
2025-11-02,2025-11-02 05:00:00+00:00,28173,28114,28007,27763,27809,28028,28475,29144,29858,30375,30435,30165,29903,29676,29464,29284,29397,29706,30064,30412,30579,30260,29725,28984,28067,27329,27018,26924,27080,27617,28861,30814,32115,32238,32058,31779,31482,31226,31096,30978,30991,31102,31227,31389,31347,30783,30091,29231,28155,27349,26954,26759,26797,27243,28298,30105,31243,31384,31337,31291,31251,31298,31474,31641,31780,31866,31856,31831,31596,30885,30095,29167,27963,27045,26606,26387,26392,26808,27829,29608,30788,31028,31099,31146,31190,31265,31451,31593,31711,31780,31761,31745,31567,30902,30114,29198,28089,27154,26728,26483,26485,26864,27847,29576,30727,30979,31056,31157,31224,31384,31644,31871,32071,32150,32114,32091,31835,31105,30262,29299,28074,27135,26658,26369,26327,26665,27582,29227,30390,30735,30932,31099,31204,31324,31460,31558,31608,31554,31361,31104,30690,30069,29477,28781,27821,26223,25687,25381,25267,25330,25646,26367,27108,27814,28373,28771,29009,29151,29246,29394,29523,29618,29637,29570,29274,28768
2025-11-03,2025-11-03 06:00:00+00:00,27628,27311,27206,27430,28031,29289,31193,32318,32332,32074,31809,31616,31437,31389,31344,31331,31470,31665,31812,31676,31047,30330,29513,28441,27496,27080,26918,26947,27404,28473,30222,31276,31364,31272,31258,31338,31484,31740,31952,31983,32029,31999,31944,31631,30860,30078,29219,28072,27134,26677,26474,26472,26897,27918,29660,30796,31011,31109,31187,31315,31474,31678,31850,31874,31900,31896,31842,31571,30864,30124,29290,28218,27254,26804,26577,26552,26936,27903,29589,30708,30946,31041,31213,31454,31753,32149,32518,32588,32546,32406,32248,31841,31043,30243,29371,28220,27246,26730,26475,26411,26718,27637,29215,30371,30703,30963,31181,31368,31524,31668,31739,31647,31514,31294,31027,30607,29982,29476,28849,28011,27150,26653,26369,26270,26319,26651,27323,28031,28677,29159,29410,29627,29700,29843,29988,30069,30223,30294,30198,29891,29288,28831,28294,27533,26113,25705,25472,25447,25574,25918,26512,27205,27966,28497,28706,28839,28918,28906,28890,29046,29470,29981,30326,30423,29952
2025-11-04,2025-11-04 06:00:00+00:00,27505,27136,26974,27025,27492,28651,30478,31386,31388,31251,31226,31218,31347,31608,31763,31875,31976,32073,32158,32056,31409,30481,29258,28147,26968,26566,26374,26423,26850,27920,29788,30779,30943,31024,31110,31144,31248,31416,31488,31524,31641,31797,31945,31781,31191,30297,29204,28244,27226,26801,26575,26581,26992,28049,29821,30835,31016,31129,31307,31409,31639,31969,32188,32347,32458,32496,32427,32200,31551,30586,29390,28226,27159,26652,26367,26308,26624,27576,29237,30282,30638,30915,31231,31413,31578,31716,31714,31650,31639,31597,31364,31016,30355,29659,28844,28045,27046,26633,26381,26296,26422,26836,27604,28124,28733,29181,29478,29646,29735,29791,29837,29929,30124,30427,30523,30318,29677,29014,28299,27616,26727,26430,26247,26294,26512,26910,27668,28252,29040,29622,29837,29858,29901,29791,29646,29658,29902,30574,31084,31422,31154,30689,29893,29052,27761,27554,27574,27840,28541,29982,32098,33287,33369,33190,32848,32332,31870,31546,31158,30890,30955,31386,31939,32168
2025-11-05,2025-11-05 06:00:00+00:00,27039,26625,26482,26580,27028,28127,29966,30983,31133,31190,31257,31309,31404,31527,31515,31533,31708,31897,32082,31750,31191,30421,29373,28312,27256,26879,26707,26779,27224,28333,30112,31058,31151,31140,31222,31256,31424,31638,31776,31914,32138,32300,32373,31970,31327,30430,29315,28142,27107,26626,26388,26329,26669,27642,29286,30300,30571,30870,31153,31364,31595,31744,31791,31777,31815,31723,31477,30978,30343,29646,28824,27957,27066,26632,26428,26384,26469,26886,27622,28140,28794,29312,29584,29740,29837,29877,29865,29894,30088,30446,30682,30256,29732,29193,28570,27825,27081,26844,26727,26837,27014,27454,28237,28874,29706,30328,30591,30649,30730,30574,30375,30403,30786,31610,32254,32361,32198,31691,30917,29963,29342,29197,29277,29604,30322,31732,33892,35027,35095,34959,34592,34039,33583,33163,32624,32311,32456,33047,33736,33811,33527,32726,31834,30887,29431,29005,28813,28794,29152,30081,31652,32316,32173,31884,31430,30889,30610,30344,30031,29893,30050,30525,31173,31096
2025-11-06,2025-11-06 06:00:00+00:00,27668,27307,27103,27180,27620,28760,30625,31432,31552,31434,31447,31419,31527,31710,31859,31949,32110,32258,32357,31988,31392,30526,29331,28221,27190,26752,26520,26530,26892,27920,29712,30687,30867,30955,31132,31212,31331,31446,31520,31495,31514,31532,31416,30891,30317,29672,28861,27999,27163,26725,26489,26416,26534,26981,27764,28382,28953,29439,29769,29904,29958,29949,29969,30044,30248,30623,30804,30536,30107,29545,28875,28118,27483,27290,27184,27290,27602,28113,29026,29676,30546,31225,31528,31613,31654,31496,31349,31382,31699,32565,33222,33396,33321,32897,31970,31035,30666,30512,30577,30949,31721,33348,35581,36680,36636,36264,35746,34970,34293,33687,33068,32707,32818,33565,34347,34503,34284,33529,32488,31566,30818,30412,30209,30224,30594,31602,33229,33816,33594,33121,32581,31933,31513,31172,30801,30660,30773,31349,31957,31952,31675,30934,30027,29119,27842,27489,27384,27475,27991,29235,31326,32209,32109,31761,31490,31093,30859,30761,30545,30420,30564,31008,31471,31400,31039
2025-11-07,2025-11-07 06:00:00+00:00,27390,26996,26814,26803,27243,28318,29986,30896,31064,31145,31259,31357,31482,31697,31768,31703,31695,31818,31678,31089,30551,29855,28998,28124,27250,26849,26632,26598,26706,27193,27935,28504,29139,29581,29799,29880,29903,29921,29904,29919,30125,30581,30746,30434,29975,29409,28705,27961,27408,27176,27111,27177,27450,28017,28841,29540,30444,31189,31550,31688,31760,31676,31509,31495,31832,32811,33517,33737,33590,33062,32118,31180,30881,30765,30861,31184,32002,33638,35979,37092,37007,36611,36085,35372,34679,34053,33376,32967,33108,34013,34821,34947,34774,33976,32928,31966,31318,30912,30719,30745,31108,32088,33723,34338,34060,33450,32764,32007,31443,31017,30650,30453,30589,31242,31753,31738,31532,30803,29911,29078,28531,28255,28171,28297,28832,30131,32220,33076,32925,32561,32230,31792,31560,31475,31299,31161,31280,31760,32217,32077,31739,30934,29805,28753,27421,27077,26903,27008,27486,28767,30814,31697,31628,31402,31153,30824,30733,30731,30616,30473,30550,31016,31441,31223
2025-11-08,2025-11-08 06:00:00+00:00,27446,27046,26849,26755,26926,27439,28231,28834,29433,29898,30096,30215,30264,30236,30202,30241,30378,30770,30902,30701,30302,29719,28964,28240,27566,27333,27258,27330,27657,28166,29003,29683,30526,31171,31403,31445,31467,31357,31203,31245,31562,32556,33202,33441,33364,32896,31975,31033,30674,30576,30638,30993,31802,33443,35725,36864,36798,36420,35902,35229,34581,34024,33373,33032,33160,34016,34749,34857,34604,33789,32746,31797,31075,30649,30459,30401,30719,31611,33081,33676,33459,33011,32449,31847,31422,31097,30776,30642,30765,31362,31842,31812,31503,30753,29841,29082,28510,28271,28220,28298,28827,30167,32290,33177,33094,32808,32473,32132,31965,31863,31642,31559,31664,32135,32555,32421,32004,31160,29993,28972,28266,27954,27788,27885,28394,29671,31764,32659,32596,32351,32095,31770,31730,31682,31550,31466,31531,31985,32333,32143,31644,30773,29525,28490,26961,26605,26421,26440,26837,27971,29874,30782,30781,30805,30801,30696,30792,30898,30964,30917,30879,31043,30940,30412
2025-11-09,2025-11-09 06:00:00+00:00,27829,27588,27474,27571,27842,28393,29196,29954,30733,31362,31584,31754,31793,31666,31510,31541,31918,32876,33534,33725,33582,33052,32156,31170,30753,30618,30688,31089,31949,33600,35902,37119,37012,36606,36120,35582,34937,34340,33684,33313,33444,34296,35057,35091,34867,34016,33002,32080,31470,31092,30891,30804,31166,32068,33580,34156,33865,33312,32705,32079,31626,31231,30834,30653,30762,31392,31893,31861,31574,30806,29912,29158,28770,28541,28480,28552,29101,30399,32482,33375,33272,32953,32557,32178,31983,31918,31704,31591,31637,32081,32520,32384,31991,31181,29993,28918,28436,28076,27845,27966,28479,29700,31723,32632,32556,32335,32019,31728,31671,31739,31654,31572,31610,32008,32336,32086,31586,30694,29456,28348,27800,27392,27083,27152,27550,28584,30436,31360,31518,31563,31577,31560,31721,31939,32028,31994,31909,32084,32032,31374,30758,29945,28901,27932,26654,26062,25608,25492,25552,25934,26665,27265,27983,28615,28946,29225,29555,29802,29963,30107,30195,30417,30475,29908
2025-11-10,2025-11-10 06:00:00+00:00,31717,31599,31716,32060,32942,34526,36964,38005,37834,37369,36779,36085,35390,34797,34140,33736,33953,34922,35624,35671,35467,34690,33621,32618,31728,31257,31025,30920,31292,32289,34019,34715,34471,33914,33267,32630,32183,31846,31436,31243,31432,32131,32584,32381,32080,31285,30262,29342,28790,28495,28430,28477,29053,30374,32447,33407,33305,32931,32566,32190,31957,31884,31660,31516,31650,32169,32560,32346,31967,31184,30019,28958,28398,28026,27831,27871,28359,29501,31515,32472,32438,32207,32038,31830,31792,31859,31795,31734,31881,32316,32504,32167,31683,30844,29604,28501,27815,27369,27123,27089,27486,28497,30334,31315,31529,31636,31799,31818,32032,32281,32416,32415,32477,32685,32452,31642,31007,30263,29219,28261,27576,27006,26625,26431,26543,26912,27674,28318,29030,29641,30036,30273,30419,30532,30510,30448,30589,30982,30997,30423,29922,29312,28397,27629,26338,25901,25629,25541,25638,25966,26622,27188,27809,28293,28538,28726,28865,28920,28876,28933,29197,29830,30113,30124,29804
2025-11-11,2025-11-11 06:00:00+00:00,32081,31664,31409,31331,31680,32715,34467,34939,34335,33688,33030,32418,31960,31622,31296,31258,31584,32311,32808,32665,32344,31544,30631,29847,29239,28981,28920,28960,29560,30912,33112,34028,33710,33213,32797,32365,32074,31935,31675,31577,31788,32362,32725,32339,31947,31128,29975,29117,28453,28112,27946,28004,28428,29590,31590,32542,32429,32130,31930,31728,31708,31766,31687,31699,31889,32292,32398,32043,31570,30741,29533,28547,27796,27379,27162,27121,27427,28506,30343,31338,31422,31482,31660,31711,31869,32076,32220,32229,32302,32522,32277,31482,30865,30098,29094,28244,27563,26996,26598,26391,26451,26815,27633,28274,28986,29593,30011,30380,30637,30810,30894,30976,31185,31520,31482,30839,30226,29493,28582,27816,27173,26701,26380,26273,26419,26728,27372,27980,28644,29151,29407,29593,29704,29696,29688,29818,30185,30840,31092,30907,30536,29885,28889,27989,26982,26597,26431,26550,26987,28203,30169,31343,31578,31649,31618,31490,31348,31236,31004,30798,30979,31503,31785,31601,31219
2025-11-12,2025-11-12 06:00:00+00:00,29289,29055,29063,29146,29780,31218,33518,34455,34050,33443,33002,32501,32102,31860,31616,31455,31635,32247,32679,32428,32181,31374,30269,29380,28732,28328,28157,28177,28634,29853,31965,32772,32551,32192,31981,31687,31544,31523,31485,31496,31700,32180,32401,31967,31545,30674,29539,28653,27969,27490,27271,27218,27556,28605,30439,31319,31389,31383,31518,31586,31712,31893,32034,32101,32212,32416,32196,31419,30801,30021,29095,28223,27610,27036,26667,26467,26533,26909,27621,28207,28846,29429,29927,30331,30658,30943,31161,31305,31524,31811,31631,30948,30310,29548,28695,27868,27202,26757,26437,26279,26368,26684,27303,27791,28396,28847,29135,29348,29546,29674,29807,30016,30399,31054,31215,30914,30481,29753,28806,27819,27551,27152,26956,27011,27393,28446,30330,31449,31769,31913,32036,32091,32078,32163,32111,32039,32265,32727,32855,32492,31949,31089,29941,28844,27471,27073,26847,26851,27216,28275,30168,31136,31297,31279,31334,31306,31266,31262,31136,31120,31294,31795,31994,31672,31217
2025-11-13,2025-11-13 06:00:00+00:00,28436,28148,28072,28118,28556,29695,31526,32376,32257,31931,31664,31421,31411,31502,31501,31579,31857,32339,32423,31980,31428,30604,29482,28491,27702,27326,27194,27174,27551,28588,30248,31114,31195,31165,31261,31300,31476,31716,31885,32033,32140,32311,32071,31281,30579,29817,28930,28020,27402,26920,26624,26443,26552,26926,27602,28201,28816,29359,29794,30101,30375,30667,30876,31036,31241,31594,31474,30769,30064,29356,28504,27736,27083,26629,26378,26301,26462,26828,27429,27934,28476,28835,28974,29103,29285,29465,29598,29879,30282,30945,31139,30750,30201,29493,28540,27603,27361,26991,26860,26889,27280,28284,30082,31199,31446,31634,31768,31865,32028,32227,32272,32297,32529,32957,32959,32445,31768,30830,29673,28596,27921,27538,27357,27325,27679,28681,30512,31515,31772,31796,31864,31895,31995,32093,32017,32009,32152,32624,32769,32344,31750,30916,29812,28730,27386,27009,26842,26815,27195,28229,30074,31089,31233,31287,31319,31232,31114,31090,30935,30843,31042,31646,31918,31579,31101
2025-11-14,2025-11-14 06:00:00+00:00,27923,27540,27423,27419,27794,28818,30567,31446,31483,31346,31470,31560,31785,32068,32288,32450,32513,32676,32396,31666,30947,30153,29199,28280,27422,26902,26615,26460,26527,26903,27647,28226,28856,29419,29901,30331,30695,31027,31255,31427,31607,31822,31656,30905,30174,29396,28521,27730,27019,26571,26302,26205,26262,26612,27295,27807,28323,28698,28931,29177,29470,29724,29931,30200,30608,31226,31360,30989,30398,29624,28626,27679,27380,26977,26840,26929,27323,28370,30254,31329,31584,31695,31900,32107,32349,32642,32787,32868,33012,33415,33410,32863,32096,31122,29871,28778,28044,27605,27429,27440,27842,28853,30701,31679,31820,31819,31971,32037,32148,32310,32336,32355,32520,32947,33096,32604,31944,31059,29834,28759,27951,27576,27399,27406,27739,28745,30647,31609,31761,31840,31956,31948,31941,31959,31813,31784,31941,32459,32651,32311,31712,30894,29758,28762,27287,26881,26726,26706,27107,28152,30080,31109,31213,31263,31361,31312,31196,31091,30926,30833,31039,31627,31890,31611,31182
2025-11-15,2025-11-15 06:00:00+00:00,27659,27094,26726,26511,26547,26943,27613,28193,28846,29481,30051,30567,31033,31411,31804,31960,32112,32225,31898,31194,30437,29644,28738,27820,27045,26589,26305,26202,26239,26499,27151,27681,28234,28726,28997,29284,29598,29847,30046,30299,30651,31249,31337,30998,30448,29740,28669,27639,27321,26875,26693,26717,27113,28167,30050,31213,31415,31563,31789,31991,32252,32578,32687,32771,32971,33366,33354,32873,32181,31177,29919,28681,27939,27439,27194,27132,27497,28549,30357,31360,31540,31608,31852,32049,32291,32599,32674,32720,32830,33154,33156,32638,31955,31034,29806,28667,27964,27481,27283,27260,27620,28620,30530,31477,31706,31835,31939,32003,32099,32225,32208,32265,32419,32788,32915,32461,31844,30974,29782,28619,27819,27324,27116,27023,27333,28343,30131,31179,31457,31641,31845,31872,31845,31770,31582,31547,31661,32023,32229,31950,31531,30772,29691,28631,27186,26825,26689,26716,27178,28226,30062,31156,31283,31408,31533,31464,31289,31087,30758,30609,30718,31167,31299,31009
2025-11-16,2025-11-16 06:00:00+00:00,27314,26806,26448,26348,26432,26761,27379,27808,28453,28903,29179,29442,29760,30042,30265,30490,30864,31450,31589,31316,30796,30042,28961,27924,27446,26981,26782,26836,27228,28351,30164,31346,31569,31722,31928,32042,32243,32531,32633,32719,32957,33320,33380,32942,32269,31315,30080,28863,28093,27568,27285,27221,27560,28582,30351,31416,31680,31871,32156,32338,32538,32813,32844,32793,32894,33192,33210,32710,32061,31156,29973,28830,28078,27600,27330,27332,27701,28719,30633,31626,31867,32021,32120,32129,32201,32305,32299,32317,32477,32893,32990,32605,32031,31207,30034,28867,28038,27538,27265,27226,27510,28460,30278,31382,31687,31867,32088,32107,32080,32063,31876,31811,31920,32349,32498,32190,31754,30984,29895,28849,28125,27712,27535,27552,27971,29099,30898,31991,32198,32309,32425,32323,32138,31969,31710,31533,31671,32181,32294,32006,31637,31109,30333,29482,28058,27677,27509,27486,27729,28315,29208,29868,30363,30462,30339,30025,29654,29311,29034,28946,29195,29834,30212,30180,29960
2025-11-17,2025-11-17 06:00:00+00:00,27634,27178,26942,26954,27370,28478,30397,31528,31759,31891,32098,32239,32484,32854,32998,33097,33288,33706,33697,33204,32509,31488,30216,29020,28148,27649,27371,27315,27704,28766,30549,31578,31816,32000,32194,32286,32429,32622,32643,32662,32664,32996,33037,32617,32010,31114,29922,28846,28119,27675,27410,27398,27800,28858,30713,31718,31883,31933,31982,31951,32054,32186,32195,32314,32482,32917,33031,32651,32059,31191,29983,28872,28063,27567,27280,27228,27564,28606,30399,31474,31771,31962,32144,32140,32169,32190,32062,31991,32109,32449,32543,32268,31737,30963,29900,28849,27988,27532,27268,27226,27629,28656,30472,31606,31871,32060,32217,32165,32065,32003,31785,31642,31704,32099,32124,31740,31364,30784,29974,29071,28347,27897,27651,27602,27806,28360,29213,29912,30432,30699,30720,30532,30254,29966,29727,29657,29916,30574,30898,30794,30544,30109,29447,28667,27439,27035,26824,26786,26972,27445,28142,28703,29170,29293,29192,29061,28963,28819,28677,28706,29098,29945,30377,30383
2025-11-18,2025-11-18 06:00:00+00:00,28075,27578,27316,27274,27671,28708,30550,31438,31761,31892,32075,32158,32293,32554,32604,32613,32664,33030,33064,32568,31989,31109,29931,28849,28084,27643,27431,27463,27938,29052,30951,31889,32048,31863,31896,31814,31910,32106,32130,32243,32401,32813,32925,32481,31912,31022,29793,28764,28003,27482,27237,27212,27571,28530,30419,31479,31803,31932,32093,32075,32085,32069,31882,31819,31943,32358,32503,32229,31773,31015,29933,28925,28045,27572,27336,27315,27775,28830,30642,31719,32032,32117,32264,32203,32128,32065,31834,31686,31735,32094,32118,31729,31308,30672,29877,29006,28185,27733,27488,27393,27579,28137,28909,29623,30087,30321,30332,30144,29992,29730,29574,29532,29806,30367,30681,30529,30285,29879,29195,28403,27733,27355,27130,27061,27221,27655,28404,28934,29424,29571,29527,29468,29423,29316,29225,29290,29636,30497,30885,30762,30571,30038,29084,28197,27025,26586,26438,26535,27119,28296,30227,31399,31550,31478,31431,31262,31100,31006,30766,30670,30861,31446,31766,31522,31153
2025-11-19,2025-11-19 06:00:00+00:00,27971,27581,27365,27415,27832,28997,30982,32045,32177,32102,32125,32115,32182,32352,32344,32500,32560,32990,33043,32666,32132,31263,30051,28965,28080,27560,27269,27266,27608,28742,30587,31681,31957,32116,32271,32256,32284,32317,32198,32105,32134,32519,32648,32321,31869,31122,30012,28948,28112,27592,27336,27300,27662,28644,30442,31546,31882,32113,32292,32232,32201,32192,32005,31855,31870,32121,32023,31566,31151,30563,29719,28856,27828,27313,27056,26970,27067,27530,28306,28931,29477,29849,30013,29992,29902,29791,29651,29649,29842,30374,30624,30401,30092,29605,28874,28062,27469,27012,26769,26662,26796,27182,27893,28457,28988,29241,29277,29293,29360,29361,29320,29389,29684,30471,30798,30652,30366,29780,28800,27890,27617,27198,27030,27119,27593,28787,30732,31909,32085,32112,32155,32029,31926,31846,31655,31588,31709,32250,32518,32281,31909,31178,30060,28930,27514,27073,26918,26929,27390,28527,30470,31545,31674,31672,31648,31480,31359,31264,31056,30973,31110,31717,32037,31825
