,INTERVAL_NUM,VALUE
,23,1020.66
,20,1290.92
,22,1123
,24,935.02
,19,1298.04
,21,1220.29
,18,1307.73
,23,0
,18,0
,20,0
,19,0
,21,0
,24,0
,22,0
,21,5822.59
,19,6244.16
,22,5396.74
,18,6287.57
,20,6117.39
,24,4601.77
,23,4963.06
,23,2216.31
,19,2954.87
,20,2855.28
,18,3050.9
,24,1985.73
,22,2482.23
,21,2709.82
,20,469.12
,23,383.01
,22,425
,24,347.4
,18,486.53
,21,454.53
,19,479.93
,19,169.78
,23,111.84
,21,142
,22,126.31
,20,156.29
,24,100.66
,18,177.68
,18,253.35
,19,247.71
,21,219.6
,24,151.49
,20,237.64
,22,197.01
,23,172.2
,20,1951.39
,22,1699.31
,23,1519.31
,24,1358.16
,19,2013.27
,18,2086.27
,21,1857.36
,19,44.17
,18,47.08
,20,40.85
,24,28.02
,21,36.33
,22,34.6
,23,29.95
,21,6388.91
,22,6075.3
,20,6492.99
,24,5390
,23,5698.23
,19,6496.86
,18,6483.36
,23,30232.77
,20,35532.03
,24,27888.46
,18,36112.11
,22,32607.07
,21,34105.27
,19,36145.99
,21,1317.29
,24,992.13
,22,1192.08
,23,1076.37
,19,1518.77
,20,1431.99
,18,1604
,18,2534.28
,19,2521.62
,23,1939.5
,24,1832.49
,21,2295.59
,22,2104.91
,20,2447.38
,21,3641.67
,22,3450.7
,23,3205.03
,20,3788.98
,24,2953.63
,18,4149.14
,19,3936.9
,23,184.51
,24,184.34
,22,184.54
,21,184.71
,19,184.6
,20,184.47
,18,184.29
,23,4870.21
,21,5490.97
,20,5772.44
,24,4557.08
,19,5967.02
,22,5194.99
,18,6098.84
,18,1414.3
,21,1283.57
,19,1407.88
,23,1129.36
,20,1367.17
,24,1085.26
,22,1198.67
,18,6773.8
,21,6164.85
,22,5753.72
,24,5098.84
,19,6663.41
,20,6516.9
,23,5363.37
,23,2266.5
,22,2469.13
,24,2095.9
,19,2824.21
,18,2842.57
,21,2672.94
,20,2808.76
,19,2974.73
,18,2950.88
,23,2495.28
,20,2947.86
,24,2319.96
,21,2841.38
,22,2684.25
,24,11859.55
,19,15506.96
,23,12834.01
,21,14728.13
,18,15109.55
,22,13944.14
,20,15346.73
,21,1753.05
,20,1855.01
,18,1936.76
,22,1632.72
,23,1527
,24,1446.42
,19,1915.28
,21,2797.95
,22,2596.59
,19,2770.45
,23,2372.51
,20,2826.73
,24,2171.03
,18,2748.17
,22,15325.36
,20,16549.38
,19,16945.2
,23,14289.28
,18,17374.01
,24,13152.92
,21,15896.94
,20,1051.73
,19,1049.33
,22,970.33
,23,900
,18,1056.22
,24,830.88
,21,1030.57
,23,2866.34
,24,2637.82
,22,3087.78
,18,3354.53
,19,3423.87
,21,3222.74
,20,3372.21
,20,5668.51
,22,5098.19
,18,6083.83
,19,5936.1
,21,5429.23
,23,4692.77
,24,4339.02
,19,2067.62
,24,1406.25
,22,1698.45
,21,1843.8
,23,1545.79
,18,2139.67
,20,1969.98
,20,501.98
,19,509.46
,24,366.85
,23,405.45
,21,480.25
,22,446.48
,18,529.4
,22,460.28
,24,375.82
,21,492.16
,23,419.41
,18,494.96
,19,499.5
,20,496.19
,22,65.25
,20,79.24
,24,53.83
,19,85.36
,21,72.75
,18,89.73
,23,58.62
,19,1045.05
,24,720.65
,21,897.25
,23,772.58
,22,832.73
,18,1104.73
,20,968.93
,19,756.49
,22,585.77
,21,633.03
,20,690
,24,509.52
,18,799.53
,23,546.38
,20,278.93
,18,305.2
,24,211.13
,23,226.2
,21,264.21
,19,288.57
,22,246.95
,4,826.45
,9,1157.56
,16,1248.41
,7,1076.6
,12,1181.38
,14,1220.4
,5,861.25
,10,1161.6
,2,845.79
,6,955.67
,18,1297.99
,17,1273.85
,19,1291.14
,20,1286.56
,23,1024.64
,24,939.14
,1,878.19
,3,827.62
,8,1143.55
,21,1219.74
,15,1235.5
,22,1125.16
,11,1167.14
,13,1203.93
,22,0
,5,0
,14,0
,15,0
,2,0
,9,0
,11,0
,18,0
,3,0
,4,0
,6,0
,10,0
,16,0
,12,0
,13,0
,24,0
,7,0
,19,0
,21,0
,20,0
,23,0
,1,0
,8,0
,17,0
,22,5718.71
,2,4237.97
,1,4450.95
,18,6802.31
,23,5282.24
,9,4291.51
,10,4356.32
,11,4569.31
,12,4892.13
,16,6481.86
,19,6685.7
,20,6482.42
,24,4889.24
,4,4003.24
,5,3999.84
,15,6164.47
,13,5310.25
,14,5749.29
,6,4105.04
,8,4280.63
,7,4227.86
,17,6645.68
,21,6117.1
,3,4085.99
,16,2864.35
,6,1691.08
,18,2935.6
,2,1801.82
,11,2106.4
,5,1632.62
,1,1950.21
,23,2177.16
,20,2744.37
,10,2020.27
,8,1884.63
,3,1686.16
,13,2354.65
,9,1944.8
,7,1813.15
,19,2829.9
,17,2953.26
,15,2706.21
,14,2526.07
,4,1630.59
,22,2429.89
,24,1969.31
,21,2626.94
,12,2211.76
,16,451.72
,8,317.58
,4,279.2
,5,276.7
,23,386.73
,15,424.41
,14,396
,24,351.18
,19,480.22
,18,483.69
,13,368.8
,12,346.81
,10,329.93
,7,302.76
,6,285.36
,21,452.74
,20,466.55
,9,327.35
,3,285.73
,2,300.97
,1,322.87
,22,429.14
,11,333.58
,17,473.41
,13,132.52
,17,168.68
,18,169.56
,2,90.34
,11,117.33
,15,153.5
,24,98.81
,22,122.59
,3,86.26
,5,84.01
,21,136.77
,7,98.32
,8,105.05
,14,142.72
,1,96.21
,10,113.39
,12,123.53
,20,149.27
,23,109.22
,6,89.08
,9,109.7
,4,83.39
,16,163.21
,19,161.44
,3,123.97
,5,116.57
,21,212.49
,14,192.97
,11,157.7
,10,150.01
,9,142.25
,2,133.84
,23,168.93
,4,117.81
,20,228.57
,19,237.75
,15,208.16
,6,120.83
,8,136.6
,1,146.63
,24,149.26
,7,131.66
,22,191.6
,16,223.87
,13,178.35
,12,167.04
,18,244.28
,17,238.17
,16,1983.63
,5,1130.28
,24,1342.8
,1,1356.84
,23,1482.99
,20,1861.69
,12,1542.68
,9,1336.56
,7,1252.41
,10,1397.87
,3,1164.59
,2,1249.58
,17,2027.91
,18,1993.53
,15,1880.94
,19,1908.91
,11,1467.63
,8,1296.95
,6,1169.35
,22,1652.74
,4,1124.77
,14,1758.39
,13,1641.87
,21,1790.08
,2,27.1
,4,25.42
,14,35.99
,6,26.47
,21,34.86
,10,29.07
,11,30.16
,24,27.26
,1,27.65
,3,25.61
,9,28.94
,5,25.07
,8,28.44
,17,45.09
,18,44.54
,12,31.7
,22,33.82
,13,33.11
,15,39.2
,16,41.93
,20,38.29
,23,29.28
,19,41.58
,7,28
,13,6268.67
,15,6289.62
,19,6502.66
,23,5733.77
,1,5237.74
,8,6181.77
,5,5163.36
,9,6232.65
,6,5490.93
,11,6225.86
,14,6286.86
,18,6483.94
,22,6103.94
,24,5419.46
,3,5054.59
,4,5040.72
,12,6235.93
,21,6412.13
,2,5120.43
,7,5929.23
,17,6383.81
,20,6508.71
,10,6238.69
,16,6314.73
,24,29166.03
,14,32007.07
,8,27589.76
,13,30158.39
,12,28933.58
,15,34212.54
,22,34175.3
,1,27516.79
,6,24872.71
,17,37966.93
,19,38484.23
,21,35735.97
,23,31698.44
,16,36436.96
,20,37432.61
,2,26006.8
,3,24678.86
,7,26609.82
,10,27901.09
,9,27875.77
,11,28190.91
,18,38802.91
,5,23950.52
,4,23925.24
,17,1607
,5,872.49
,19,1436.65
,22,1131.62
,23,1028.56
,6,930.36
,9,1026.41
,2,856.53
,10,1093.62
,8,986.9
,14,1493.5
,18,1517.88
,15,1577.19
,13,1405.69
,7,939.97
,11,1186.45
,12,1291.56
,16,1610.67
,20,1353.59
,21,1250.15
,24,945.29
,4,844.91
,1,894.69
,3,836.97
,21,2495.29
,10,2211.34
,7,2086.63
,11,2250.37
,13,2366.31
,12,2301.37
,15,2527.26
,17,2695.94
,20,2653.92
,5,1851.5
,16,2620.11
,19,2730.53
,2,1791.88
,18,2737.49
,22,2285.06
,23,2092.9
,4,1782.51
,6,1976.79
,8,2149.43
,14,2445.42
,1,1830.01
,3,1771.16
,9,2186.22
,24,1963.26
,16,4585.48
,20,4199.74
,21,4008.27
,8,2895.04
,1,2978.43
,13,3906.56
,17,4664.15
,23,3476.05
,24,3185.09
,22,3760.37
,6,2559.41
,11,3444.88
,9,3089.83
,10,3267
,12,3673.58
,18,4612.4
,19,4385.75
,3,2612.26
,4,2508.9
,2,2773.5
,7,2730.15
,5,2486.86
,14,4153.54
,15,4391.9
,14,184.43
,1,214.51
,13,184.52
,18,219.01
,22,241.94
,23,208.94
,7,230.93
,10,184.32
,16,184.71
,17,186.63
,21,242.97
,24,210.71
,5,223.37
,9,184.48
,11,184.22
,8,185.28
,20,253.74
,2,215.4
,12,184.2
,19,246.34
,15,184.54
,3,208.75
,4,220.15
,6,224.63
,14,5836.65
,18,6756.88
,10,4621.67
,9,4439.64
,24,4960.73
,17,6717.3
,15,6167.99
,11,4846.14
,6,4153.05
,23,5315.43
,5,4085.15
,7,4227.26
,4,4121.87
,21,6017.77
,19,6560.43
,2,4404.01
,8,4300.91
,20,6335.09
,16,6482.91
,13,5471.36
,12,5130.34
,3,4235.42
,1,4628.97
,22,5687.9
,10,1264.08
,12,1284.56
,3,1032.96
,2,1040.59
,20,1403.12
,19,1438.57
,7,1254.86
,15,1380.03
,13,1307.94
,1,1056.65
,6,1190.05
,4,1048.99
,22,1229.97
,11,1265.16
,17,1428.47
,21,1318.17
,24,1101.94
,23,1147.65
,8,1261.72
,14,1340.53
,9,1255.73
,5,1096.8
,18,1439.17
,16,1410.04
,8,5637.16
,17,7178.82
,21,6448.62
,22,6025.15
,10,5791.86
,5,4973.65
,16,7042.12
,18,7172.36
,20,6808.87
,23,5607.61
,11,5933.33
,9,5712.84
,14,6551.88
,2,4848.13
,4,4813.7
,12,6112.1
,19,7012.78
,24,5314.38
,1,4981.66
,3,4781.25
,6,5258.58
,7,5507.22
,15,6807.72
,13,6328.24
,19,2763.32
,5,1844.18
,13,2524.33
,21,2634.07
,9,2368.15
,10,2387.16
,7,2212.05
,15,2650.92
,17,2742.74
,22,2438.68
,1,1956.43
,4,1810.15
,12,2449.72
,8,2341.41
,16,2707.09
,18,2771.65
,20,2752.92
,23,2236.93
,24,2070.84
,11,2416.47
,14,2588.31
,2,1873.28
,6,1989.46
,3,1825.29
,2,2088.12
,13,2580
,7,2414.22
,23,2498.76
,22,2685.26
,20,2943.12
,14,2608.63
,12,2549.22
,11,2543.95
,1,2178.04
,24,2320.78
,19,2968.5
,18,2937.72
,17,2828.95
,9,2559.92
,8,2554.19
,6,2195.84
,3,2038.44
,21,2841.53
,4,2029.62
,10,2540.62
,5,2069.13
,15,2631.28
,16,2699.83
,14,12226.58
,16,13956.8
,10,11503.61
,7,11484.54
,6,10668.11
,22,14082.94
,19,15684.26
,15,13098.06
,9,11805.58
,5,10273.91
,21,14840.37
,18,15543.05
,1,11558.82
,3,10479.54
,23,13039.51
,24,12044.14
,20,15456.38
,17,14945.43
,13,11550.81
,12,11338.25
,11,11289.14
,2,10952.48
,8,11938.58
,4,10214.65
,24,1450.38
,3,1320.34
,12,1532.02
,18,1957.54
,14,1737.52
,21,1768.05
,23,1533.34
,2,1345.65
,4,1328.71
,5,1379.11
,11,1456.03
,8,1414.41
,9,1388.95
,15,1834.79
,16,1924.81
,17,1973.22
,19,1940.31
,22,1645.81
,6,1462.83
,7,1465.37
,10,1410.65
,13,1629.02
,20,1873.52
,1,1377.37
,18,2794.39
,13,2650.33
,1,2048.35
,14,2641.52
,22,2654.72
,6,2138.49
,8,2547.14
,21,2854.19
,23,2426.94
,24,2218.81
,19,2827.22
,3,1905
,5,1974.84
,10,2632.45
,17,2715.41
,4,1908.11
,7,2400.83
,9,2596.7
,12,2646.31
,11,2647.34
,16,2643.63
,20,2909.53
,2,1953.26
,15,2622.9
,11,14074.99
,13,15667.06
,24,14018.04
,23,15304.29
,6,11525.57
,19,18726.39
,16,18957.66
,7,12242.09
,20,18007.19
,3,11469.74
,17,19258.43
,9,13139.77
,8,12705.3
,4,11076.75
,22,16452.14
,5,11069.25
,14,16642.15
,2,12159.01
,12,14793.33
,10,13528.86
,21,17119.11
,18,19232.53
,15,17811.48
,1,12918.1
,2,744.28
,21,1035.06
,14,1034.29
,18,1052.36
,6,788.06
,5,734.86
,8,967.86
,4,718.81
,24,838.41
,23,909.08
,17,1039.02
,16,1025.04
,3,721.35
,11,1024.26
,7,891.39
,19,1047.37
,13,1032.47
,10,1015.86
,1,780.25
,22,979.35
,20,1059.39
,15,1025.52
,9,1000.93
,12,1028.06
,3,2469.65
,5,2333.27
,15,3020.59
,6,2400.01
,7,2595.7
,12,2540.72
,13,2671.65
,16,3234.79
,21,3451.84
,1,2769.24
,9,2681.45
,23,3079.84
,19,3729.07
,10,2617.05
,14,2862.49
,18,3704.35
,11,2571.07
,22,3324.95
,2,2626.67
,4,2363.14
,8,2700.66
,17,3469.44
,20,3624.77
,24,2832.84
,11,4853.93
,24,4504.52
,15,6229.42
,18,6524.11
,16,6380.1
,17,6556.95
,22,5279.26
,2,3928.8
,3,3753.16
,4,3636.88
,5,3621.37
,8,3957.76
,10,4497.78
,12,5245.13
,1,4153.98
,20,5972.25
,23,4855.46
,7,3817.13
,9,4189.15
,13,5639.8
,19,6350.86
,6,3700.22
,21,5653.55
,14,5983.54
,5,1146.32
,13,1805.09
,24,1457.58
,22,1765.73
,21,1917.28
,18,2285.99
,16,2215.17
,10,1353.82
,11,1480.21
,6,1195.56
,12,1635.64
,8,1261.74
,9,1276.74
,17,2288.09
,3,1167.4
,2,1224.42
,7,1237.3
,23,1602.09
,20,2073.19
,19,2188.81
,4,1139.95
,15,2090.63
,14,1962.05
,1,1296.46
,3,304.65
,19,511.01
,18,529.63
,8,351.92
,11,362.73
,9,358.13
,2,319.26
,1,341.75
,24,368.67
,21,477.95
,17,519.41
,16,497.44
,5,300.56
,23,407.03
,14,434.82
,7,336.54
,4,298.73
,20,499.3
,13,403.95
,10,359.73
,22,448.64
,15,466.81
,12,378.86
,6,312.56
,8,429.41
,9,444.4
,10,451.52
,22,461.97
,13,461.68
,12,459.46
,19,497.5
,7,390.09
,24,380.08
,3,325.05
,14,463.48
,21,494.03
,23,423.81
,5,323.45
,6,345.24
,16,470.25
,17,479.4
,18,490.28
,20,499.25
,2,336.56
,11,457.45
,15,466.11
,4,319.54
,1,352.57
,24,60.3
,2,53.25
,23,65.85
,20,90.53
,9,64.49
,7,56.56
,17,107.01
,15,97.87
,18,103.97
,21,81.69
,4,50.54
,11,71.5
,14,91.42
,16,102.99
,22,73.34
,5,50.72
,6,54.39
,8,59.95
,10,67.24
,12,77.07
,13,84.36
,1,56.12
,3,51.18
,19,98.18
,15,1121.1
,3,658.87
,14,1062.37
,19,1147.2
,24,772.42
,8,715.24
,10,768.24
,12,916.68
,13,991.95
,20,1048.86
,23,827.62
,2,682.44
,4,646.64
,5,646.37
,7,690.62
,22,891.59
,9,727.93
,16,1161.45
,18,1212.99
,21,963.49
,1,714.23
,6,662.33
,11,838.64
,17,1199.88
,24,540.43
,8,469.23
,7,467.75
,13,668.37
,2,474.39
,20,736.71
,17,847.44
,16,810.01
,15,771.06
,6,449.49
,23,579.1
,22,619.31
,14,723.11
,9,469.32
,5,438.83
,18,866.7
,11,552.11
,10,497.51
,4,441.93
,3,455.35
,21,669.8
,19,818.62
,12,611.75
,1,500.08
,8,246.01
,18,346.3
,6,212.85
,10,270.72
,20,312.16
,16,351.44
,22,272.29
,13,323.58
,24,231.99
,9,258.61
,3,203.52
,12,304.93
,2,208.05
,1,214.15
,23,248.52
,21,293.69
,11,286.53
,17,352.44
,15,350.04
,14,339.26
,5,207.54
,4,204.71
,19,328.58
,7,222.87
,6,961.53
,23,1006.47
,7,1081.89
,8,1146.79
,10,1156.9
,21,1186.47
,1,880.15
,12,1164.62
,17,1225.67
,3,831.07
,9,1157.77
,24,926.71
,4,830.12
,13,1179.27
,18,1249.19
,20,1244.79
,19,1244.47
,2,849.21
,14,1188.91
,16,1204.62
,11,1157.15
,15,1197.43
,22,1100.49
,5,866.06
,13,0
,6,0
,7,0
,10,0
,15,0
,18,0
,2,0
,17,0
,8,0
,22,0
,1,0
,9,0
,14,0
,20,0
,19,0
,4,0
,12,0
,11,0
,16,0
,23,0
,24,0
,21,0
,3,0
,5,0
,7,4440.59
,4,4237.91
,23,5484.75
,14,6143.8
,10,4699.33
,21,6369.4
,12,5303.93
,15,6550.76
,22,5939.82
,3,4349.56
,9,4579.81
,2,4510.71
,8,4516.14
,17,6971.06
,18,7102.1
,19,6940.47
,20,6745.62
,24,5068.11
,5,4237.35
,11,4948.5
,13,5711.71
,16,6861.99
,1,4761.45
,6,4338.17
,20,2601.13
,2,1696.94
,1,1814.51
,8,1819.29
,10,1883.25
,11,1925.69
,14,2271.04
,9,1853.72
,16,2609.94
,17,2732.13
,19,2662.01
,24,1868.11
,7,1765.3
,3,1606.66
,4,1565.35
,6,1638.13
,18,2739.94
,23,2073.93
,5,1578.04
,12,1999.53
,13,2111.88
,15,2441.65
,22,2306.67
,21,2499.64
,19,496.05
,2,312.6
,21,469.85
,10,336.66
,9,334.18
,8,325.13
,14,410.08
,13,380.51
,18,500.87
,3,296.72
,6,291.77
,24,360.96
,5,286.19
,17,491.83
,22,440.81
,23,397.74
,7,310.56
,12,355.96
,15,440.67
,11,340.38
,16,470.25
,4,289.59
,1,332.97
,20,482.36
,14,124.34
,12,111.5
,23,99.36
,19,140.38
,18,146.61
,9,104.32
,6,84.82
,3,80.21
,21,121.97
,8,100.74
,24,90.67
,2,83.24
,22,110.26
,15,132.58
,11,107.82
,16,140.15
,13,117.25
,7,94.28
,5,79.34
,4,78.19
,1,87.86
,10,106.31
,20,131.36
,17,144.92
,12,146.96
,15,185.39
,16,202.42
,11,143.03
,14,169.03
,1,131.66
,9,132.33
,22,176.67
,5,106.8
,3,112.58
,13,155.09
,10,137.69
,8,127.27
,7,122.74
,20,212.23
,21,196.67
,6,111.27
,2,121.01
,24,137.18
,17,216.95
,23,155.16
,18,224.14
,19,219.55
,4,107.54
,1,1232.45
,19,1765.14
,6,1120.83
,7,1207.16
,9,1251.23
,22,1545.07
,16,1756.31
,8,1235.08
,18,1824.69
,5,1077.46
,14,1531.49
,17,1834.32
,24,1249.93
,3,1088.87
,10,1271.19
,11,1302.45
,12,1352.44
,21,1674.81
,13,1425.31
,20,1736.03
,23,1391.17
,2,1150.39
,4,1061.7
,15,1644.18
,4,28.33
,10,31.4
,7,30.56
,14,36.11
,5,28.25
,6,29.44
,22,33.86
,8,31.07
,15,38.83
,17,44.11
,21,36.34
,23,30.5
,12,32.68
,16,40.81
,24,29.36
,2,29.7
,3,28.28
,11,32.01
,9,31.66
,18,43.63
,19,40.9
,13,33.72
,20,39.15
,1,29.58
,20,6332.64
,1,5168.4
,21,6264.09
,22,5982.63
,8,6149.43
,5,5116.16
,7,5901.26
,10,6162.99
,12,6127.23
,2,5051.65
,3,4991.84
,4,4985.69
,11,6135.82
,14,6139.07
,16,6139.17
,9,6180.73
,13,6136.7
,17,6190.51
,6,5452.4
,15,6129.33
,18,6280.34
,19,6304.9
,24,5338.89
,23,5635.8
,22,32536.33
,7,26269.24
,9,27129.11
,20,35567.21
,10,26778.82
,17,35240.9
,21,34078.64
,1,26977.29
,6,24562.52
,2,25640.35
,12,26951.23
,16,33444.95
,24,27840.89
,3,24365.86
,8,27154.76
,11,26712.28
,13,27943.08
,14,29469.41
,19,36347.05
,23,30171.07
,18,36419.16
,4,23634.64
,5,23652.18
,15,31341.6
,16,1611.18
,15,1568.72
,20,1350.22
,2,867.57
,3,848.9
,5,874.51
,6,926.97
,21,1249.15
,12,1306.93
,23,1031.38
,24,948.46
,14,1493.16
,8,977.28
,10,1089.3
,17,1607.65
,4,852.15
,9,1013.84
,13,1406.07
,22,1134.22
,18,1525.94
,1,903.41
,7,938.18
,11,1197.67
,19,1436.6
,17,2594.09
,14,2427.96
,1,1910.96
,8,2191.94
,9,2239.91
,15,2483.64
,19,2609.41
,20,2543.27
,2,1861.6
,3,1835.06
,18,2618.76
,5,1896.21
,7,2117.48
,12,2327.37
,23,2045.93
,24,1926.3
,6,2011.62
,16,2547.88
,13,2372.98
,21,2397.76
,4,1838.32
,10,2263.22
,11,2291.93
,22,2217.13
,24,3013.73
,10,3120.76
,4,2405.93
,17,4430.84
,18,4352.16
,3,2511.12
,9,2964.84
,1,2871.87
,7,2649.65
,8,2802.3
,16,4356.11
,22,3563.18
,5,2389.24
,14,3946.09
,15,4176.96
,11,3275.16
,12,3475.46
,13,3697.49
,21,3792.92
,23,3289.6
,19,4128.14
,20,3964.36
,2,2664.75
,6,2469.65
,18,185.93
,8,199.78
,4,204.7
,15,212.45
,6,212.87
,9,213.65
,12,198.54
,21,229.9
,10,207.53
,11,203.32
,13,189.85
,23,198.07
,24,206.35
,1,208.54
,22,218
,3,208.37
,7,225.7
,14,215.89
,16,204.7
,17,192.62
,20,232.11
,2,210.88
,5,199.11
,19,211.86
,15,6289.31
,20,6451.4
,11,4998.62
,5,4273.18
,7,4392.39
,12,5269.53
,14,5955.23
,17,6871.1
,19,6695.78
,3,4431.7
,24,5061
,2,4604.38
,9,4612.17
,13,5611.85
,16,6628.35
,18,6883.11
,21,6125.15
,4,4315.14
,6,4318.08
,22,5785.36
,23,5428.12
,8,4478.8
,10,4783.49
,1,4840.97
,21,1314.82
,16,1430.24
,4,1077.57
,10,1309.25
,14,1383.65
,19,1428.93
,22,1228.94
,17,1437.74
,24,1110.95
,3,1066.31
,5,1124.47
,12,1337.79
,13,1360.8
,20,1388.34
,2,1077.18
,6,1216.41
,7,1276.59
,15,1415.05
,11,1318.65
,18,1438.05
,8,1289.94
,9,1293.51
,1,1098.15
,23,1157.35
,6,5467.8
,9,5920.26
,22,6132.89
,4,5065.55
,24,5412.72
,21,6577.27
,3,5048.75
,11,6212.93
,18,7375.57
,10,6065.89
,12,6397.47
,2,5138.41
,7,5648.43
,8,5777.4
,16,7268.13
,13,6614.69
,17,7364.22
,23,5714.22
,19,7234.72
,15,7089.96
,5,5220.12
,1,5288.93
,20,7003.49
,14,6850.44
,6,1994.54
,22,2390.57
,2,1889.97
,23,2201.38
,17,2649.72
,16,2629.84
,4,1822.21
,13,2503.88
,9,2369.87
,1,1974.04
,19,2665.54
,15,2613.07
,11,2409.57
,14,2569.11
,8,2341.41
,7,2217.03
,3,1840.05
,24,2045.81
,20,2680.38
,18,2665.71
,21,2570.3
,10,2382.75
,12,2438.67
,5,1853.66
,22,2652.62
,18,2812.79
,21,2776.94
,20,2837.96
,13,2579.66
,23,2473.5
,19,2836.99
,10,2562.8
,3,2046.27
,12,2566.08
,11,2562.36
,7,2403.99
,14,2600.14
,5,2078.06
,8,2546.04
,6,2196.88
,4,2031.77
,17,2731.09
,16,2654.61
,15,2616.35
,9,2567.13
,1,2185.54
,24,2298.92
,2,2101.38
,5,10052.24
,23,12299.85
,22,13275.77
,6,10476.03
,3,10209.48
,20,14460.7
,16,12086.42
,12,10091.64
,4,9971.76
,2,10621.86
,24,11425.32
,21,13961.91
,18,14105.57
,17,13226.11
,8,11695.84
,1,11112.89
,19,14525.73
,14,10580.47
,10,10809.16
,7,11278.75
,15,11238.97
,13,10166.16
,11,10374.38
,9,11364.17
,5,1381.27
,9,1414.98
,7,1454.81
,17,2067.31
,24,1492.78
,4,1346.06
,15,1927.99
,14,1821.35
,16,2021.32
,23,1582.38
,19,2018.48
,21,1830.51
,18,2046.12
,3,1350.78
,6,1460.52
,11,1499.69
,8,1420.31
,13,1700.11
,12,1589.43
,2,1379.97
,20,1940.57
,1,1415.11
,22,1700.58
,10,1448.3
,6,2131.72
,13,2639.94
,5,1958.44
,16,2631.47
,17,2682.55
,20,2869.34
,3,1902.21
,7,2375.58
,9,2584.93
,11,2634.65
,12,2633.71
,14,2631.6
,15,2615.17
,18,2767.99
,21,2818.57
,23,2418.92
,10,2620.67
,19,2794.42
,22,2645.04
,2,1950.17
,1,2045.95
,24,2213.71
,8,2534.58
,4,1901.63
,10,13251.25
,21,16480.53
,20,17316.13
,9,12905.56
,8,12558.43
,1,12826.96
,24,13431.37
,22,15785.24
,2,12121.19
,23,14652.01
,19,17975.86
,17,18452.95
,13,15046.23
,12,14257.98
,11,13678.2
,7,12129.31
,16,18024.35
,15,16984.12
,4,11042.18
,3,11427.37
,18,18526.87
,14,15983.09
,6,11422.55
,5,11018.03
,23,908.19
,2,746.07
,7,883.74
,13,1030.14
,12,1026.01
,19,1045.06
,3,723.17
,8,961.91
,5,729.74
,1,782.98
,15,1025.29
,14,1031.85
,16,1028.24
,10,1010.84
,24,837.65
,21,1030.14
,18,1051.66
,6,787.01
,17,1036.01
,22,977.32
,20,1055.19
,11,1021.4
,4,716.58
,9,995.73
,5,2329.98
,9,2581.45
,12,2327.14
,13,2458.65
,17,3266.16
,15,2810.28
,18,3499.84
,21,3324.86
,4,2363.7
,6,2396
,10,2444.06
,19,3538.34
,22,3183.85
,1,2769.9
,8,2641.09
,23,2955.08
,24,2717.8
,11,2385.65
,16,3029.85
,7,2579
,14,2601
,20,3469.38
,2,2630.88
,3,2467.54
,3,4036.93
,18,6828.34
,11,5222.7
,12,5645.3
,14,6431.73
,17,6910.65
,19,6601.13
,21,5945.42
,5,3896.89
,6,3959.07
,2,4225.12
,13,6072.78
,22,5551.87
,24,4725.49
,16,6802.44
,20,6242.76
,23,5112.33
,1,4462.75
,4,3923.44
,8,4204.04
,9,4475.65
,10,4823.33
,15,6663.74
,7,4054.52
,5,1215.06
,6,1256.53
,18,2427.21
,21,2002.02
,14,2058.5
,17,2410.74
,20,2163.87
,22,1853.31
,2,1320.78
,10,1421.35
,12,1723.76
,13,1894.16
,16,2323.9
,19,2294.98
,1,1406.21
,4,1222.53
,7,1297.23
,9,1349.39
,15,2208.62
,11,1549.35
,23,1673.47
,24,1525.88
,3,1257.53
,8,1329.78
,4,305.07
,13,407.19
,14,439.42
,15,473.14
,19,519.04
,24,373
,23,411.8
,5,306.3
,11,364.01
,17,526.37
,8,356.52
,1,348.9
,10,362.38
,16,504.44
,12,380.6
,18,536.54
,20,507.74
,2,326.92
,3,311.57
,6,316.64
,9,361.19
,22,453.66
,21,487.67
,7,341.64
,13,456.37
,8,423.48
,23,424.23
,24,379.81
,7,384.04
,10,449.74
,17,465.81
,12,453.43
,14,457.82
,15,458.36
,3,325.83
,9,440.96
,4,320.04
,18,474.82
,19,483.74
,21,486.31
,1,354.71
,5,323.59
,2,338.33
,6,341.86
,11,451.82
,20,488.84
,22,457.91
,16,459.61
,22,73.46
,8,59.62
,10,66.82
,12,75.93
,13,82.2
,7,56.48
,14,88.96
,24,60.05
,6,55.08
,1,59
,3,53.1
,5,52.82
,11,70.73
,16,99.64
,20,88.88
,18,100.95
,23,66.06
,4,52.3
,2,55.53
,15,95.79
,17,103.06
,21,81.43
,19,95.26
,9,64.27
,7,715.44
,8,740.79
,11,878.37
,14,1112.06
,3,692.08
,6,689.31
,9,761.18
,16,1213.36
,4,678.93
,12,961.08
,22,915.13
,15,1173.16
,24,791.98
,2,716.68
,5,676.73
,17,1244.73
,20,1076.76
,21,991.85
,1,751.86
,13,1037.93
,18,1251.53
,23,849.18
,10,805.59
,19,1174.92
,5,459.93
,7,485.25
,14,756.74
,4,464.09
,22,635.06
,19,837.36
,17,880.18
,24,552.71
,12,641.89
,10,522.4
,8,487.93
,6,467.66
,2,497.24
,1,525.22
,20,755.27
,18,894.71
,16,846.5
,15,808.03
,11,578.98
,21,689.39
,13,699.75
,9,491.57
,3,477.66
,23,592.45
,16,366.86
,15,365.13
,2,219.44
,21,302.46
,13,338.17
,1,226.63
,5,216.79
,4,214.85
,3,214.42
,23,256.73
,22,280.08
,8,252.86
,12,319.19
,11,299.38
,10,283.18
,18,356.82
,7,230.19
,19,337.56
,24,239.28
,6,221.65
,20,321.48
,17,364.55
,9,269.61
,14,355.33
,19,1193.78
,9,1160.28
,16,1164.17
,10,1156.3
,15,1162.87
,2,847.18
,4,830.86
,5,867.3
,22,1069.61
,24,912.05
,20,1196.06
,1,876.3
,21,1146.42
,17,1179.3
,13,1159.2
,18,1199.66
,6,963.48
,7,1085.88
,23,985.36
,12,1151.48
,14,1161.55
,3,830.64
,11,1151.55
,8,1151.31
,23,0
,1,0
,24,0
,20,0
,19,0
,21,0
,17,0
,16,0
,9,0
,3,0
,15,0
,22,0
,8,0
,5,0
,2,0
,18,0
,14,0
,12,0
,10,0
,13,0
,11,0
,6,0
,7,0
,4,0
,8,4372.75
,17,6617.33
,16,6480.31
,22,5629.32
,24,4811.08
,3,4273.33
,13,5329.9
,15,6133.87
,19,6529.34
,20,6374
,1,4668.46
,2,4430.09
,7,4341.48
,9,4368.07
,11,4620.48
,18,6685.57
,21,6043.27
,23,5201.1
,4,4164.45
,6,4250.65
,10,4412.47
,12,4943.44
,14,5741.85
,5,4154.98
,4,1556.12
,24,1920.53
,1,1824.3
,12,2036.55
,17,2917.02
,6,1627.52
,8,1825.49
,14,2368.25
,18,2922.76
,22,2380.48
,2,1700.85
,5,1566.65
,13,2181.92
,16,2780.5
,3,1603.73
,11,1957.51
,21,2588.68
,23,2136.11
,9,1873.04
,10,1919.01
,15,2570.72
,20,2719.84
,19,2809
,7,1750.71
,18,508.02
,24,362.21
,8,329.2
,10,345.38
,14,421.73
,4,293.77
,19,497.53
,20,483.65
,23,399.22
,3,302.28
,5,290.23
,7,314.65
,16,479.68
,17,500.75
,2,319.1
,1,342.65
,11,347.12
,6,297.39
,9,340.04
,13,391.61
,15,450.99
,12,364.76
,22,441.7
,21,470.21
,20,147.78
,3,81.12
,14,138.99
,4,79
,6,85.4
,19,159.64
,21,135.4
,24,98.32
,1,89.2
,9,105.33
,11,112.33
,15,150.42
,12,118.82
,13,128.07
,16,160.55
,7,94.59
,10,108.49
,23,108.6
,2,84.27
,8,101.1
,18,167.61
,17,166.37
,22,121.38
,5,80.09
,22,189.52
,23,166.04
,24,145.84
,6,112.19
,13,166.04
,9,133.85
,15,202.29
,16,222.32
,19,238.86
,1,133.58
,2,122.44
,3,113.72
,8,128.42
,10,139.99
,14,183.22
,17,237.27
,11,145.98
,4,108.36
,7,123.4
,5,107.63
,12,154.14
,18,243.9
,20,229.06
,21,211.69
,19,1870.83
,23,1432.72
,3,1080.67
,16,1876.98
,14,1589.49
,20,1820.05
,10,1296.55
,12,1368.12
,7,1190.1
,24,1286.32
,17,1967.75
,9,1264.66
,4,1048.99
,6,1106.14
,2,1147.81
,18,1958.88
,15,1728.56
,11,1322.44
,13,1464.19
,8,1237.86
,5,1062.99
,22,1594.8
,21,1736.14
,1,1231.29
,18,44.36
,24,27.85
,13,32.01
,22,33.08
,23,29.54
,4,26
,15,38.46
,10,28.6
,3,25.95
,17,44.88
,9,29.15
,7,27.98
,16,40.96
,6,26.39
,5,25.72
,8,28.91
,2,27.24
,12,30.72
,21,35.23
,14,34.83
,20,39.29
,1,27.58
,11,29.65
,19,42.15
,22,5918.84
,24,5298.63
,2,5042.15
,5,5105.21
,7,5902.03
,11,6108.18
,3,4982.81
,4,4975.37
,8,6154.47
,21,6190.55
,18,6207.21
,20,6261.12
,23,5588.66
,13,6090.9
,15,6070.6
,9,6177.49
,16,6075.75
,6,5445.79
,12,6084.95
,10,6149.98
,14,6088.08
,17,6121.83
,19,6237.26
,1,5156.2
,22,31927.27
,17,33430.41
,8,26956.57
,13,26243.9
,23,29741.57
,24,27535.05
,1,26611.5
,4,23282.61
,5,23343.74
,15,29447.73
,18,34813.68
,19,34993.89
,20,34638.23
,21,33361.13
,2,25202.15
,14,27563.08
,9,26831.3
,11,25841.15
,16,31637.9
,3,23951.74
,6,24244.93
,10,26200.69
,12,25709.37
,7,25898.59
,18,1622.03
,3,856.57
,9,1040.79
,14,1540.98
,4,855.83
,11,1218.53
,7,961.88
,10,1119.46
,15,1632.85
,22,1189.3
,13,1434.57
,23,1079.87
,2,877.3
,8,1003.86
,16,1689.13
,24,998.17
,1,915.35
,5,882.76
,6,937.71
,17,1703.87
,12,1320.97
,19,1517.95
,20,1419.61
,21,1309.32
,17,2476.79
,13,2266.47
,16,2422.64
,18,2511.55
,24,1872.6
,2,1782.87
,3,1760.84
,10,2191.31
,14,2309.61
,1,1827.02
,6,1949.76
,9,2176.45
,21,2308.14
,23,1981.17
,4,1767.44
,5,1828.93
,7,2061.77
,8,2134.69
,11,2211.09
,15,2356.3
,20,2445.27
,22,2135.64
,19,2509.48
,12,2233.22
,15,3767.73
,11,3038
,13,3337.19
,22,3253.91
,4,2304.01
,14,3555.97
,16,3938.76
,18,3958.6
,19,3757.11
,23,3023.79
,3,2377.72
,9,2821.29
,20,3606.6
,21,3448.69
,7,2534.35
,5,2290.17
,8,2677.4
,17,4018.93
,12,3173.34
,1,2683.84
,24,2798.17
,2,2502.01
,10,2938.78
,6,2367.76
,15,184.9
,10,184.7
,17,184.67
,24,202.15
,3,184.43
,14,184.83
,18,192.2
,2,184.44
,8,193.62
,13,184.58
,23,205.65
,1,186.45
,11,184.63
,19,214.44
,20,210.92
,4,184.44
,6,184.31
,9,184.66
,12,184.76
,21,228.9
,22,227.28
,7,194.61
,5,184.36
,16,184.65
,17,6443.28
,10,4649.84
,19,6275.82
,20,6066.03
,21,5777.69
,2,4485.2
,13,5371.22
,24,4785.34
,1,4716.23
,22,5462.92
,23,5126.89
,6,4228.59
,11,4827.98
,9,4498.58
,15,5953.94
,16,6229.29
,8,4373.15
,12,5067.33
,14,5664.63
,3,4322.71
,5,4177.41
,7,4299
,4,4212.82
,18,6455.69
,17,1390.09
,18,1389.05
,6,1192.61
,13,1308.05
,4,1054.74
,10,1270.44
,11,1276.56
,21,1280.1
,22,1204.18
,2,1049.04
,9,1257.33
,8,1262.03
,12,1290.87
,14,1336.35
,15,1365.64
,20,1345.99
,19,1379.64
,23,1137.19
,24,1093.79
,3,1040.95
,7,1251.74
,1,1068.37
,5,1101.73
,16,1380.91
,3,4863.62
,16,6823.15
,9,5718.94
,6,5309.35
,14,6456.81
,4,4890.19
,2,4938.45
,24,5225.57
,23,5506.6
,21,6272.64
,19,6811.59
,18,6913.75
,15,6656.84
,22,5881.94
,1,5083.99
,20,6645.05
,11,5916.54
,10,5799.73
,8,5640.62
,7,5522.78
,17,6902.14
,13,6274.84
,12,6084.44
,5,5048.28
,23,2172.34
,1,1948.96
,6,1978.19
,12,2368.83
,14,2496.16
,13,2425.97
,17,2627.82
,18,2635.96
,3,1820.09
,4,1803.44
,21,2520.23
,19,2623.25
,5,1834.46
,10,2362.54
,9,2350.15
,8,2325.13
,7,2201.42
,2,1867.95
,22,2343.6
,15,2550.49
,11,2370.47
,20,2632.72
,16,2585.23
,24,2024.66
,11,2531.33
,17,2681.25
,13,2555.42
,9,2514.56
,1,2175.85
,21,2739.64
,10,2514.1
,24,2285.22
,6,2158.25
,18,2731.38
,5,2048.84
,16,2629.55
,15,2590.8
,12,2541.02
,7,2358.1
,2,2085.85
,19,2755.32
,22,2616.14
,23,2446.3
,20,2796.93
,4,2016.38
,14,2575.6
,8,2501.58
,3,2022.19
,15,11393.8
,14,10561.11
,7,11549.91
,6,10736.62
,9,11627.13
,1,11522.67
,21,14828.26
,18,14763.93
,24,11995.38
,12,10106.34
,10,10945.83
,5,10293.62
,4,10221.12
,23,12958.96
,19,15267.38
,20,15300.57
,17,13728.26
,13,10104.09
,11,10446.15
,8,12049.17
,22,14048.95
,16,12450.88
,3,10449.21
,2,10932.88
,6,1464.13
,17,1998.37
,18,1969.05
,20,1892.6
,8,1421.57
,16,1964.77
,24,1473.27
,3,1341.65
,5,1383.54
,7,1462.79
,10,1439.23
,1,1402.22
,19,1954.22
,22,1672.88
,11,1485.54
,12,1561.51
,14,1776.28
,15,1879.63
,23,1560.19
,2,1368.63
,4,1339.09
,9,1410.26
,13,1667.09
,21,1791.75
,8,2545.7
,16,2619.68
,3,1904.82
,11,2638.15
,9,2599.06
,10,2626.66
,20,2867.84
,2,1960.85
,5,1986.41
,23,2420.87
,15,2604.44
,24,2220.97
,6,2152.39
,7,2396.67
,14,2626.44
,18,2752.06
,21,2814.6
,22,2633.84
,4,1911.65
,12,2633.34
,13,2637.13
,17,2685.41
,19,2773.9
,1,2050.36
,7,11630.83
,20,15770.5
,10,12542.84
,21,15128.97
,13,13560.2
,16,16065.2
,23,13752.65
,22,14607.43
,18,16529.11
,14,14306.63
,15,15144.22
,11,12753.01
,8,12089.82
,1,12209.49
,2,11523.08
,5,10592.2
,24,12715.05
,17,16368.95
,9,12402.17
,4,10573.78
,19,16145.25
,6,10978.62
,3,10913.44
,12,13046.55
,13,1026.73
,10,1009.38
,3,716.32
,1,777.05
,17,1034.14
,8,960.39
,7,885.3
,5,730.66
,24,839.26
,16,1020.09
,9,994.21
,6,785.39
,2,739.71
,23,906.41
,18,1043.27
,14,1027.3
,22,971.6
,19,1035.77
,20,1051.03
,15,1018.58
,12,1024.08
,11,1019.82
,21,1025.96
,4,712.43
,3,2356.66
,12,2303.78
,19,3281.22
,23,2764.95
,18,3237.11
,21,3102.34
,4,2256.07
,9,2558.09
,16,2847.26
,14,2430.31
,20,3277.21
,5,2226.09
,8,2569.65
,10,2466.36
,13,2321.23
,15,2639.22
,24,2568.38
,22,2977.77
,1,2639.66
,2,2511.45
,6,2294.66
,7,2470.37
,11,2393.51
,17,3055.65
,4,3833.42
,5,3804.43
,8,4083.18
,1,4366.34
,15,6371.85
,16,6504.13
,3,3941.32
,6,3857.54
,7,3953.37
,10,4639.13
,11,5007.19
,13,5791.68
,12,5393.54
,17,6586.25
,23,4912.03
,2,4124.73
,21,5676.61
,19,6258.78
,22,5318.15
,24,4547.15
,9,4324.14
,14,6136.67
,18,6461.57
,20,5937.86
,17,2313.32
,21,1945.3
,4,1224.39
,10,1422.13
,12,1701.63
,13,1855.83
,18,2303.65
,24,1498.95
,8,1329.19
,9,1348.26
,19,2183.33
,2,1318.87
,22,1799.64
,6,1265.62
,7,1306.87
,11,1548.89
,20,2067.77
,23,1644.31
,5,1223.21
,1,1403.87
,14,2008.02
,16,2271.56
,15,2144.3
,3,1256.27
,20,508.26
,2,333.76
,7,346.76
,1,357.59
,14,447.76
,22,452.21
,11,372.65
,17,530.98
,8,361.11
,5,310.45
,6,322.35
,13,415.89
,19,518.64
,12,388.29
,23,410.12
,10,372.24
,9,367.94
,15,479.83
,16,509.84
,21,487.72
,24,371.53
,3,317.34
,4,309.73
,18,538.61
,1,359.03
,23,427.15
,8,423.87
,13,461.54
,3,329.96
,5,325.04
,10,450.65
,12,460.57
,20,483.14
,24,384.23
,14,462.59
,17,465.21
,18,474.5
,21,483.79
,4,323.35
,9,441.11
,16,458.98
,19,479.42
,22,459.54
,7,386.27
,2,341.69
,11,457.75
,15,461.36
,6,345.03
,22,65.84
,16,89.91
,5,47.47
,6,50.72
,8,54.3
,9,59.25
,14,80.2
,23,59.36
,11,63.84
,18,91.33
,19,85.6
,24,54.09
,1,53.23
,10,60.96
,15,85.58
,17,92.87
,21,72.66
,2,50.29
,12,67.93
,20,79.02
,4,47.2
,7,52.87
,13,73.8
,3,48
,7,698.25
,4,665.01
,10,770.95
,13,982.23
,17,1177.3
,22,864.69
,23,804.88
,1,733.01
,6,674.42
,8,722.44
,9,737.93
,3,677.41
,14,1049.44
,21,935.92
,19,1104.99
,24,749.33
,15,1106.13
,2,699.55
,12,909.98
,11,836.03
,16,1143.47
,20,1013.84
,18,1178.93
,5,663
,2,482.91
,11,545.64
,16,796.92
,21,651.02
,3,465.53
,8,471.23
,4,452.46
,9,472.03
,15,759.99
,17,833.18
,18,844.33
,24,522.91
,5,447.84
,6,454.57
,12,603.1
,13,657.85
,14,711.22
,20,712.75
,7,470.03
,1,509.47
,10,495.15
,19,788.92
,22,600.16
,23,562.62
,5,215.16
,18,334.59
,10,275.8
,13,324.38
,12,306.88
,15,346.14
,19,316.06
,20,301.1
,24,226.43
,23,242.25
,1,223.53
,2,216.63
,4,212.55
,11,290.39
,22,264.53
,9,265.9
,14,338.23
,21,284.9
,7,228.22
,3,211.88
,17,344.12
,8,251.21
,16,346.55
,6,219.85
,5,861.52
,24,900.65
,10,1144.25
,17,1136.06
,20,1134.56
,22,1027.76
,7,1062.46
,9,1146.51
,13,1131.37
,8,1130.39
,1,871.95
,12,1131.96
,16,1123.81
,18,1151.15
,15,1124.08
,21,1088.87
,2,843.98
,11,1137.5
,14,1127.43
,19,1138.1
,4,828
,23,962.74
,3,827.96
,6,948.73
,8,0
,12,0
,15,0
,18,0
,10,0
,11,0
,16,0
,19,0
,6,0
,23,0
,24,0
,2,0
,7,0
,20,0
,21,0
,17,0
,22,0
,3,0
,5,0
,13,0
,14,0
,1,0
,9,0
,4,0
,4,3962.23
,1,4420.54
,5,3976.93
,9,4391.93
,13,5079.3
,11,4697.79
,12,4913.36
,15,5611.46
,18,6090.15
,21,5567.48
,14,5325.91
,17,6050.2
,2,4197.46
,3,4044.75
,22,5230.84
,6,4068.82
,10,4491.88
,20,5853.44
,8,4275.95
,7,4168.86
,16,5927.64
,19,5982.62
,24,4572.65
,23,4880.68
,15,2501.74
,13,2120.07
,5,1528.51
,18,2860.66
,17,2846.55
,12,1979.91
,14,2304.8
,11,1894.52
,10,1847.66
,4,1530
,3,1579.57
,16,2701.06
,8,1765.9
,2,1679.12
,24,1894.52
,21,2489.78
,20,2632.7
,19,2749.32
,9,1809.06
,7,1700.08
,6,1583.08
,1,1802.9
,23,2086.99
,22,2294.66
,11,343.71
,18,483.44
,8,323.75
,16,457.86
,7,307.64
,10,341.38
,5,289.16
,9,334.33
,4,293.57
,13,381.22
,3,301.81
,22,415.7
,6,292.55
,17,474.92
,1,331.78
,24,346.37
,21,438.66
,20,460.37
,19,473.86
,2,315.13
,23,381.34
,15,433.84
,14,407.57
,12,358.55
,3,82.42
,8,100.92
,5,80.88
,15,151.85
,23,107.8
,24,98.48
,1,91.27
,6,85.82
,18,166.83
,21,131.99
,11,113.25
,10,109.13
,12,119.95
,9,105.39
,13,129.31
,14,140.36
,19,157.17
,20,144.34
,22,119.2
,2,85.89
,4,80.06
,7,94.46
,16,161.88
,17,166.88
,12,150.18
,7,121.96
,13,161.12
,14,177.68
,20,224.27
,22,187.17
,1,134.9
,5,107.1
,11,142.64
,17,233.15
,9,131.18
,16,216.91
,21,207.52
,4,108.12
,3,113.83
,10,137.14
,24,147.14
,2,122.94
,8,126.58
,18,239.99
,19,234.78
,23,166.2
,6,111.37
,15,196.72
,10,1230.76
,14,1545.73
,18,1925.22
,16,1823.14
,22,1539.9
,2,1127.27
,9,1208.33
,6,1066.21
,7,1147.92
,8,1185.4
,19,1841.89
,21,1676.77
,23,1402.22
,20,1765.27
,1,1216.81
,4,1021.61
,11,1266.37
,12,1321.9
,24,1274.28
,13,1417.94
,15,1681.88
,17,1926.43
,3,1054.86
,5,1025.23
,14,33.47
,4,26.64
,15,37.46
,7,28.1
,11,28.56
,18,45.18
,19,41.61
,23,29.43
,6,27.12
,3,26.65
,8,29.25
,9,29.83
,13,30.48
,10,29.26
,17,45.16
,20,38.45
,2,27.9
,5,26.14
,12,29.33
,21,34.84
,1,28.15
,22,32.69
,24,28.25
,16,41.27
,2,5172.63
,14,6267.66
,6,5449.18
,8,6137.88
,20,6298.52
,1,5296.59
,4,5081.93
,13,6269.24
,10,6277.8
,12,6263.69
,3,5099.11
,5,5174.99
,7,5853.81
,18,6338.42
,22,5935.21
,15,6246.1
,9,6241.31
,11,6271.19
,17,6282.24
,23,5654.75
,24,5402.31
,16,6252.65
,19,6327.93
,21,6184.53
,18,34025.63
,11,25900.94
,24,27200.62
,2,24946.86
,7,25590.41
,15,29084.67
,16,30983.06
,17,32608.23
,1,26294.62
,13,26135.69
,23,29169.89
,4,23103.92
,5,23137.59
,22,31073.86
,14,27356.68
,19,34225.87
,6,23993.67
,8,26658.02
,10,26199.46
,12,25759.83
,21,32314.62
,3,23761.98
,9,26647.04
,20,33602.92
,16,1559.76
,11,1161.45
,24,953.18
,12,1254.72
,10,1071.1
,20,1288.99
,22,1112.28
,3,837.65
,9,1002.7
,18,1447.47
,2,851.47
,23,1027.1
,4,841.05
,5,865.64
,6,923.28
,15,1524.29
,13,1358.13
,14,1449.15
,19,1362.84
,21,1201.74
,7,933.42
,1,892.21
,8,970.43
,17,1532.57
,18,2413.61
,10,2118.86
,6,1884.61
,13,2157.03
,5,1780.19
,2,1740.05
,3,1717.45
,12,2125.83
,14,2200.56
,17,2388.6
,19,2406.96
,21,2211.07
,24,1833.85
,4,1724.3
,9,2096.4
,15,2255.44
,11,2116.26
,16,2328.48
,20,2337.18
,22,2066.3
,23,1932.47
,1,1783.25
,8,2057.26
,7,1993.35
,20,3495.57
,17,3906.66
,22,3162.39
,23,2967.53
,7,2500.56
,8,2632.43
,11,2992.78
,15,3673.51
,13,3265.12
,9,2778.8
,14,3475.51
,16,3830.16
,19,3644.1
,3,2362.56
,4,2290.41
,1,2662.56
,2,2487.82
,12,3112.47
,18,3845.93
,24,2771.64
,5,2277.63
,6,2349.6
,10,2898.8
,21,3339.49
,19,193.21
,7,185.51
,11,183.07
,15,239.69
,20,184.73
,22,184.5
,1,184.68
,18,211.01
,24,184.46
,6,185.24
,10,184.44
,13,198.78
,16,258.06
,17,230.59
,21,185.04
,2,185.07
,5,185.38
,8,185.54
,9,215.25
,14,225.78
,23,185.01
,4,185.32
,3,185.1
,12,185.07
,4,4019.32
,2,4278.87
,8,4182.84
,19,6097.84
,22,5337.11
,20,5872.27
,18,6275.17
,15,5828.35
,14,5550.44
,13,5240.21
,3,4126.37
,24,4753.9
,10,4464.65
,12,4929.66
,5,3989.72
,1,4496.1
,9,4307.33
,7,4149.06
,6,4063.52
,21,5592.37
,23,5044.02
,17,6264.45
,16,6076.29
,11,4665.6
,8,1248.27
,16,1339.89
,10,1258.65
,22,1180.89
,17,1345.7
,14,1297.96
,15,1322.96
,18,1341.86
,13,1280.17
,11,1255.44
,5,1087.25
,2,1040.39
,1,1057.88
,23,1123.65
,7,1230.39
,20,1289.32
,4,1047.64
,19,1328.31
,6,1166.24
,21,1239.42
,12,1266.29
,24,1078.7
,9,1248.14
,3,1034.52
,16,6616.81
,17,6704.69
,8,5551.62
,1,4939.78
,22,5711.04
,21,6044.17
,12,5859.42
,7,5416.35
,3,4756.2
,9,5617.15
,23,5379.82
,18,6693.63
,20,6361.15
,19,6550.44
,11,5714.83
,2,4812.11
,15,6445.86
,14,6247.47
,6,5178.37
,5,4925.91
,4,4788.04
,24,5109.35
,13,6053.22
,10,5636.24
,14,2388.65
,22,2255.17
,12,2307.64
,11,2313.28
,10,2314.26
,8,2277.46
,18,2581.58
,5,1813.06
,15,2441.75
,3,1795.98
,6,1937.8
,20,2537.03
,4,1781.23
,24,1980.05
,2,1840.59
,1,1916.8
,19,2559.55
,21,2417.1
,17,2559.75
,16,2492.13
,13,2340.51
,23,2112.01
,7,2145.01
,9,2310.01
,17,2628.82
,3,2042.87
,4,2025.97
,7,2347.55
,9,2531.65
,11,2507.17
,16,2570.14
,19,2692.33
,21,2636.24
,23,2402.23
,12,2507.58
,5,2056.1
,14,2520.67
,15,2532.77
,20,2703.35
,18,2677.51
,1,2195.09
,8,2492.75
,13,2508.4
,22,2533.44
,24,2271.46
,2,2105.6
,6,2150.58
,10,2513.71
,9,11461.88
,16,12153.2
,21,14329.92
,13,9905.6
,14,10349.53
,24,11840.73
,20,14810.19
,7,11354.01
,6,10597.93
,8,11830.31
,12,9959.7
,15,11177.32
,23,12729.29
,5,10180.83
,10,10835.04
,11,10332.73
,17,13268.71
,18,14386.51
,1,11384.34
,4,10136.28
,3,10374.32
,19,14869.46
,22,13693.27
,2,10825.25
,1,1359.52
,19,1803.93
,23,1504.38
,17,1836.08
,22,1596.5
,8,1391.38
,4,1305.06
,7,1433.87
,6,1433.42
,3,1305.45
,20,1763.31
,16,1805.26
,24,1426.24
,13,1547.18
,11,1408.49
,10,1376.89
,9,1360.9
,5,1354.56
,2,1331.13
,12,1466.07
,15,1725.2
,21,1687.07
,18,1813.97
,14,1640.25
,23,2377.75
,12,2623.44
,8,2568.23
,4,1918.95
,15,2574.7
,2,1970.41
,21,2665.03
,19,2648.87
,13,2619.58
,11,2629.84
,9,2615.15
,5,1988.06
,7,2414.03
,22,2536.22
,1,2070.77
,10,2633.02
,24,2210.15
,18,2652.28
,17,2615.82
,16,2579.42
,14,2598.58
,20,2712.97
,3,1914.57
,6,2158.85
,23,13514.3
,4,10511.19
,10,12627.72
,19,15922.17
,3,10830.67
,9,12355.25
,14,14354.97
,18,16230.74
,20,15435.95
,2,11422.92
,5,10516.55
,15,15063.14
,21,14776.47
,24,12600.47
,1,12083.8
,6,10891.12
,7,11550.22
,13,13657.9
,16,15772.15
,8,12031.09
,11,12890.18
,12,13191.32
,17,16101.32
,22,14296.55
,1,782.79
,21,987.95
,15,1018.86
,14,1023.83
,20,1013.79
,22,944.2
,23,895.69
,2,745.41
,18,1026.98
,10,1013.64
,16,1017.64
,19,1010.12
,11,1021.29
,13,1023.76
,4,717.13
,6,793.97
,8,969.69
,12,1024.13
,17,1023.47
,24,841.69
,3,722.16
,5,735.65
,9,997.31
,7,893.93
,23,2684.61
,20,3098.74
,13,2305.1
,16,2716.98
,18,3113.2
,2,2464.73
,7,2448.72
,11,2436.38
,15,2525.51
,24,2522.35
,1,2590.15
,8,2558.53
,14,2352.25
,19,3162.01
,21,2955.44
,4,2224.91
,22,2837.6
,3,2324.66
,5,2207.85
,6,2269.07
,9,2558.74
,12,2361.56
,17,2921.34
,10,2495.84
,12,4983.2
,21,5135.76
,9,4108.45
,19,5617.4
,23,4560.55
,1,4094.63
,2,3888.27
,3,3739.71
,7,3776.95
,14,5566.29
,17,5920.47
,20,5351.66
,22,4875.73
,5,3630.29
,4,3648.34
,6,3683.72
,8,3895.16
,24,4274.09
,10,4370.11
,11,4666.03
,15,5740.8
,16,5856.6
,18,5802.57
,13,5291.53
,5,1166.98
,7,1247.57
,1,1322.62
,14,1759.29
,12,1552.36
,10,1319.6
,9,1282.71
,6,1207.76
,3,1195.31
,23,1496.33
,21,1742.01
,24,1381.69
,22,1623.91
,19,1925.66
,20,1832.63
,16,1959.59
,8,1277.99
,2,1250.24
,18,2012.13
,17,2015.62
,13,1658.46
,11,1412.27
,4,1166.54
,15,1850.79
,18,495.19
,14,420.02
,20,463.18
,15,447.49
,13,393.28
,12,370.68
,9,355.7
,11,357.51
,8,350.32
,21,445.27
,17,490.37
,16,473.04
,10,359.05
,6,311.37
,4,302.91
,3,310.02
,23,384.65
,19,470.76
,7,333.92
,5,303.41
,1,343.92
,24,349.51
,22,418.8
,2,324.08
,21,450.22
,19,454.55
,7,386.08
,10,449.77
,17,445.87
,24,377.16
,1,358.02
,22,429.31
,23,408.02
,6,344.35
,5,324.44
,9,440.87
,11,454.23
,12,456.13
,15,448.53
,2,338.24
,3,326.78
,4,321.28
,8,424.69
,13,454.45
,16,445.77
,18,450.77
,14,451.74
,20,453.04
,22,61.94
,14,74.16
,7,51.95
,10,56.42
,23,56.69
,11,58.58
,13,68.31
,16,82.67
,17,86.27
,18,84.16
,15,79.01
,2,48.89
,3,47.23
,12,62.17
,19,79.02
,20,73.32
,6,50.31
,8,52.55
,9,55.92
,1,51.64
,21,67.74
,4,46.22
,5,46.97
,24,52.6
,6,632.37
,7,651.61
,17,1069.48
,23,748.82
,9,702.2
,14,955.48
,12,855.3
,1,683.26
,2,653.43
,18,1068.08
,21,852.88
,5,622.89
,13,903.98
,15,1001.15
,20,919.5
,19,1000.05
,22,797.53
,8,678.91
,10,734.31
,11,795.51
,16,1036.15
,24,703.82
,3,633.46
,4,623.84
,1,479.41
,2,453.52
,10,480.94
,13,612.24
,17,760.19
,9,457.36
,14,652.79
,12,575.05
,8,447.66
,7,442.28
,19,717.99
,11,529
,24,492.81
,22,556.63
,20,649.94
,16,724.91
,18,767.75
,5,423.93
,6,429.77
,3,437.92
,23,524.59
,15,691.53
,4,426.86
,21,595.84
,18,300.34
,17,309.29
,4,196.98
,24,211.01
,21,257.05
,1,203.85
,15,309.61
,22,240.91
,7,209.32
,6,202.6
,23,224.23
,14,302.69
,12,280.25
,10,253.37
,19,282.07
,20,269.55
,16,311.24
,9,244.84
,11,266.51
,8,231.25
,13,291.75
,2,199.91
,5,198.96
,3,195.54
,2,826.99
,16,1026.48
,14,1015.6
,15,1015.55
,17,1043.5
,24,870.07
,5,817.55
,11,1035
,12,1029.54
,13,1023.35
,19,1067.66
,21,1033.87
,18,1070.1
,3,810.07
,6,853.75
,10,1032.43
,22,981.31
,1,855.07
,4,805.28
,23,924.4
,7,905.99
,9,1008.05
,20,1072.29
,8,959.07
,4,0
,2,0
,14,0
,24,0
,6,0
,12,0
,16,0
,20,0
,21,0
,23,0
,5,0
,10,0
,13,0
,1,0
,11,0
,8,0
,19,0
,3,0
,7,0
,9,0
,15,0
,17,0
,18,0
,22,0
,23,4567.43
,20,5463.88
,18,5745.87
,24,4291.22
,3,3904.09
,10,3933.1
,16,5611.66
,22,4882.25
,9,3869.4
,4,3789.98
,5,3739.67
,6,3749.46
,12,4309.02
,13,4539.18
,8,3794.62
,11,4093.82
,21,5198.7
,1,4237.23
,2,4037.79
,7,3743.6
,17,5732.77
,15,5274.61
,19,5659.25
,14,4861.45
,22,2160.62
,21,2353.38
,14,2157.28
,4,1488.16
,10,1687.01
,23,1974.21
,18,2720.63
,20,2528.57
,19,2643.25
,2,1647.11
,17,2687.81
,15,2350.07
,13,1983.84
,12,1850.92
,1,1770.61
,7,1513.19
,5,1465.07
,24,1803.47
,16,2545.42
,8,1544.68
,3,1549.52
,6,1471.67
,11,1757.21
,9,1612.21
,16,386.63
,14,340.85
,11,290.96
,1,313.54
,20,397.88
,17,403.78
,10,289.45
,4,267.66
,2,292.74
,22,367.68
,8,273.94
,5,263.31
,3,276.53
,21,382.62
,19,406.23
,15,364.28
,9,284.2
,7,268.7
,6,262.76
,18,412.91
,24,312.34
,12,300.65
,13,318.04
,23,342.15
,10,101.15
,12,113.18
,19,151.97
,20,140.85
,1,94.03
,9,95.47
,14,131.24
,21,129.3
,2,87.82
,8,89.08
,15,141.44
,22,117.45
,18,159.02
,3,83.63
,4,80.38
,5,79.74
,7,84.37
,11,106.55
,16,151.3
,24,96.88
,13,121.71
,17,157.66
,23,106.39
,6,81.34
,5,105.69
,7,111.68
,12,141.94
,24,143.84
,2,124.87
,6,106.32
,9,120
,15,187.2
,13,152.89
,1,136.95
,3,115.13
,4,108.56
,10,127.29
,8,114.37
,17,223.92
,23,162.38
,18,232.45
,19,229.42
,16,207.15
,14,168.8
,21,202.99
,11,134.06
,22,182.79
,20,219.68
,11,1198.28
,3,1048.93
,1,1199.57
,18,1874.81
,22,1461.76
,20,1733.57
,6,997.39
,2,1115.98
,19,1815.57
,8,1042.01
,21,1605.3
,15,1622.27
,13,1362.46
,9,1086.71
,7,1024.16
,5,991.82
,24,1224.49
,17,1860.66
,23,1336.47
,16,1762.36
,12,1267.27
,14,1485.23
,10,1141.92
,4,1006.54
,3,25.3
,8,25.27
,11,27.35
,5,24.51
,2,25.7
,22,30.94
,7,24.29
,1,26.52
,6,23.87
,21,33.18
,24,25.92
,20,36.59
,23,26.82
,19,40.05
,18,41.43
,16,37.99
,17,41.79
,10,27.2
,14,31.16
,15,34.87
,4,25.02
,12,27.88
,9,25.83
,13,28.73
,16,5790.65
,9,5844.87
,24,5152.15
,3,4993.52
,8,5598.27
,14,5818.63
,12,5918.57
,2,5059.2
,10,5959.17
,13,5866.24
,7,5345.26
,11,5960.96
,19,5856.06
,23,5363.85
,1,5186.65
,15,5787.73
,17,5819.43
,20,5853.29
,21,5789.07
,22,5586.3
,4,4970.09
,5,5012.36
,6,5142.94
,18,5862.44
,21,30447.34
,15,24752.59
,2,24469.78
,7,22749.98
,10,22086.46
,13,21893.11
,18,30931.37
,5,22087.48
,4,22387.3
,11,21714.72
,14,22949.37
,23,27682.37
,1,25860.83
,6,22233.09
,8,22953.49
,9,22777.75
,20,31538.33
,12,21526.73
,17,29027.92
,19,31825.75
,22,29336.45
,16,26917.66
,3,23188.06
,24,25944.3
,18,1325.8
,15,1402.98
,17,1398.32
,19,1251.29
,23,965.09
,5,812.69
,6,829.02
,13,1259.64
,14,1350.45
,22,1040.49
,7,822.23
,9,913.97
,11,1073.31
,20,1193.91
,21,1114.31
,1,891.44
,3,825.11
,4,814.8
,16,1429.15
,10,989.17
,24,901.15
,2,848.5
,8,867.17
,12,1164.06
,17,2304.22
,7,1808.4
,3,1679.02
,13,2032.51
,16,2238.02
,8,1892.3
,11,1981.72
,12,1999.58
,14,2087.54
,21,2100.65
,2,1704.64
,10,1968.65
,5,1701.35
,6,1744.55
,9,1951.12
,15,2155.41
,18,2327.06
,19,2301.27
,20,2216.08
,22,1979.52
,23,1866.11
,1,1749.57
,4,1677.2
,24,1769.31
,14,3027.3
,13,2866.8
,12,2738.52
,18,3458.07
,23,2841.13
,2,2463.25
,5,2214.66
,11,2633.15
,16,3371.05
,1,2619.72
,3,2340.35
,24,2674.68
,10,2554.94
,9,2442.92
,20,3264.46
,21,3140.13
,7,2268.2
,4,2253.92
,17,3473.77
,15,3204.84
,19,3358.67
,22,2999.06
,6,2220.11
,8,2315.12
,15,185.86
,8,185.54
,22,185.1
,4,184.42
,23,184.52
,5,184.36
,6,184.32
,12,185.56
,19,185.8
,24,184.58
,3,184.3
,7,184.37
,11,185.67
,18,185.69
,21,185.1
,2,184.43
,1,184.42
,13,185.65
,9,185.6
,10,185.47
,14,185.83
,17,185.92
,20,185.61
,16,185.56
,24,4782.9
,12,4909.5
,7,4006.67
,5,4065.25
,4,4128.92
,3,4263.4
,23,5076.53
,22,5363.39
,18,6243.45
,15,5803.72
,14,5509.65
,11,4642.72
,19,6112.09
,1,4667.32
,17,6209.35
,9,4205.41
,8,4060.45
,6,4037.57
,21,5621.24
,20,5894.42
,16,6058.74
,13,5193.83
,10,4410.73
,2,4437.43
,11,1191.83
,14,1228.9
,16,1277.08
,23,1112.03
,3,1026.73
,1,1051.13
,8,1164.69
,12,1198.82
,22,1165.53
,10,1191.96
,9,1184.58
,4,1033.2
,6,1089.8
,21,1218.87
,2,1034.72
,20,1266.28
,24,1071.13
,19,1292.67
,5,1052.5
,18,1307.64
,17,1304.69
,15,1255.89
,13,1205.91
,7,1128.61
,19,6305.98
,5,4717.98
,11,5304.1
,24,4999.31
,18,6413.61
,13,5598.4
,12,5437.63
,15,6012.32
,2,4763.79
,7,4933.96
,6,4830.12
,3,4700.6
,20,6169.54
,17,6383.69
,14,5790
,1,4906.78
,22,5573.37
,16,6239.69
,4,4694.11
,8,5071.07
,10,5233.14
,9,5179.21
,23,5262.01
,21,5872.09
,5,1736.36
,19,2414.12
,4,1740.71
,1,1893.5
,2,1814.21
,18,2423.37
,16,2268.49
,12,2101.09
,15,2191.95
,13,2107.7
,6,1774.53
,3,1766.36
,9,2055.51
,23,2011.34
,17,2364.71
,21,2283.55
,11,2111.04
,22,2132.44
,14,2137.37
,24,1898.18
,7,1859.54
,8,1958.01
,20,2395.44
,10,2104.3
,19,2569.83
,24,2195.77
,5,1984.75
,13,2301.84
,23,2318.7
,20,2602.54
,21,2541.63
,10,2277.92
,12,2305.01
,16,2374.89
,1,2151.57
,3,2022.18
,8,2184.45
,14,2311.23
,15,2334.26
,22,2447.45
,17,2457.36
,2,2070.98
,6,2022.88
,11,2293.55
,18,2530.42
,4,1987.16
,7,2105.37
,9,2252.78
,9,9719.46
,19,13854.35
,4,9712.14
,3,10017.34
,18,13131.25
,12,8344.62
,21,13456.87
,2,10534.33
,17,11873.59
,20,13905.59
,22,12852.17
,15,9522.58
,11,8681.1
,10,9106.41
,16,10585.59
,1,11146.85
,13,8293.65
,6,9677.57
,8,10071.11
,23,12017.92
,24,11228.53
,5,9603.11
,14,8672.86
,7,9957.74
,16,1778.28
,21,1654.52
,20,1740.87
,19,1791.55
,24,1408.84
,5,1315.07
,4,1301.49
,1,1378.71
,9,1304.61
,8,1300.35
,10,1316
,3,1307.22
,17,1830.61
,23,1487.03
,22,1575.03
,18,1823.32
,14,1590.72
,6,1344.18
,2,1333.72
,15,1688.54
,12,1414.14
,11,1354.93
,7,1320.33
,13,1504.74
,6,2004.72
,8,2240.81
,15,2423.52
,18,2512.03
,21,2587.6
,22,2471.37
,9,2357.8
,11,2485.98
,12,2482.3
,2,1976.83
,23,2325.71
,1,2067.62
,5,1920.94
,10,2446.51
,13,2466.69
,19,2544.78
,17,2459.66
,3,1915.2
,4,1901.23
,7,2121.89
,14,2445.31
,16,2422.58
,20,2618.2
,24,2176.56
,23,12800.44
,13,11569.15
,17,14326.09
,6,10211.88
,20,14384.93
,21,13871.03
,3,10664.29
,8,10458.52
,1,11933.02
,15,12921.59
,14,12147.67
,24,12014.51
,22,13461.24
,10,10746.94
,16,13768.16
,12,11126.07
,5,10136.33
,7,10383.19
,18,14696.32
,4,10281.51
,19,14718.21
,2,11283.99
,9,10693.58
,11,10875.85
,22,918.08
,19,959.9
,21,955.34
,20,977.24
,15,934.31
,13,947.57
,24,827.72
,2,750.81
,14,941.64
,16,930.78
,5,709.61
,23,876.22
,11,937.04
,12,950.35
,4,709.33
,17,940.66
,10,909.55
,7,762.64
,1,790.65
,18,952.65
,8,811.62
,9,869.37
,6,726.91
,3,724.21
,6,2110.4
,14,1868.46
,16,2294.6
,11,1913.28
,20,2987.45
,21,2865.97
,10,1991.83
,1,2543.5
,2,2416.39
,7,2174.86
,13,1776.71
,12,1807.39
,15,2042.05
,19,2986.4
,24,2464.37
,8,2187.82
,23,2622.33
,4,2162.15
,9,2124.98
,18,2833.37
,22,2775.54
,17,2556.3
,3,2273.78
,5,2116.69
,5,3515.25
,19,5358.3
,10,4107.77
,12,4687.84
,18,5576.34
,20,5175.48
,23,4418.94
,1,4075.51
,14,5210.69
,21,4929.3
,22,4688
,24,4177.7
,15,5390.74
,4,3580.9
,7,3463.29
,8,3610.56
,11,4391.4
,16,5545.06
,17,5652.12
,2,3857.33
,6,3492.27
,9,3831.22
,13,4973.81
,3,3692.82
,2,1190.87
,17,1878.76
,20,1734.41
,24,1311.84
,5,1083.75
,6,1092.37
,10,1223.48
,19,1811.62
,23,1419.86
,11,1277.97
,15,1735.96
,18,1868.6
,1,1263.33
,9,1175.71
,12,1363.33
,13,1466.48
,16,1802.82
,21,1632.59
,22,1534.69
,3,1135.81
,4,1098.69
,7,1113.71
,8,1143.92
,14,1615.47
,18,473.54
,1,338.53
,5,288.24
,12,340.71
,23,365.56
,3,301.73
,6,288.35
,7,298.05
,14,393.44
,19,448.21
,8,295
,9,301.02
,13,366.06
,16,445.33
,17,466.58
,4,292.38
,21,421.57
,20,437.66
,22,396.14
,24,336.94
,2,316.78
,10,309.08
,11,321.78
,15,421.38
,1,346.86
,18,428.78
,16,413.65
,20,432.22
,4,309.31
,8,351.6
,12,417.28
,10,399.09
,5,307.07
,9,375.27
,7,329.98
,14,413.92
,19,432.25
,3,318.16
,23,383.05
,15,412.99
,17,420.27
,21,427.45
,22,402.94
,24,357.87
,11,413.67
,6,313.06
,13,414.56
,2,330.93
,17,86.02
,15,80.51
,8,50.51
,19,80.99
,22,62.41
,6,48.91
,9,54.12
,14,74.55
,16,83.73
,1,53.05
,3,48.35
,18,84.73
,20,74.74
,24,52.31
,10,55.8
,12,63.1
,21,68.37
,4,47.08
,5,46.99
,2,50.65
,7,49.82
,11,58.82
,13,67.94
,23,57.17
,17,1011.47
,20,881.57
,13,844.84
,21,820.96
,24,673.09
,6,587.56
,10,679.69
,11,735.53
,12,792.21
,22,764.03
,4,601.97
,14,903.99
,15,960.38
,3,613.25
,23,717.99
,1,665.89
,5,591.55
,18,1008.38
,19,948.95
,2,634.5
,7,599.21
,8,625.3
,9,645.28
,16,991.95
,16,694.03
,19,674.35
,10,435.28
,7,400.04
,6,391.01
,3,415.53
,13,564.52
,11,478.92
,5,394.17
,23,499.19
,18,719.19
,17,714.61
,9,411.49
,8,404.9
,20,615.63
,22,527.76
,21,567.83
,14,613.82
,12,523.26
,1,457.55
,15,663.17
,2,431.99
,4,403.93
,24,466.18
,15,297.21
,14,290.18
,13,280.32
,7,199.17
,4,198.04
,1,208.34
,11,256.61
,18,289.19
,9,233.79
,21,253.13
,6,196.55
,19,274.6
,3,197.72
,5,197.38
,2,202.51
,23,218.81
,24,206.91
,22,236.27
,16,297.92
,20,265.95
,10,244.41
,17,296.86
,8,220.4
,12,268.95
,12,1053.71
,17,1164.36
,23,972.6
,1,846.2
,8,930.95
,13,1073.11
,5,803.96
,15,1105.82
,16,1131.64
,22,1065.74
,3,801.1
,10,1022.6
,9,988.08
,11,1037.83
,14,1088.42
,18,1206.94
,19,1209.74
,20,1209.36
,24,893.82
,6,830.91
,4,795.82
,21,1150.79
,2,817.72
,7,876.59
,8,0
,3,0
,19,0
,18,0
,13,0
,12,0
,20,0
,16,0
,11,0
,5,0
,24,0
,21,0
,15,0
,7,0
,6,0
,1,0
,23,0
,17,0
,9,0
,4,0
,2,0
,22,0
,14,0
,10,0
,13,4254.63
,5,3497.63
,17,5517.24
,1,3948.62
,10,3609.3
,11,3742.61
,22,4896.48
,19,5699.04
,7,3555.27
,4,3522.69
,12,3990.42
,8,3496.82
,2,3764.83
,24,4195.83
,3,3636.38
,23,4520.39
,21,5213.41
,20,5505.28
,15,4914.99
,18,5749.94
,16,5292.36
,9,3574.09
,6,3552.71
,14,4565.08
,16,2304.11
,2,1550.69
,6,1396.54
,7,1427.78
,9,1508.13
,11,1612.12
,13,1787.67
,18,2529.39
,14,1937.21
,17,2459.53
,19,2486.64
,4,1417.36
,10,1564.71
,15,2119.25
,20,2389.57
,21,2249.55
,22,2073.25
,24,1708.21
,1,1659.99
,8,1453.66
,5,1394.23
,12,1684.47
,23,1881.37
,3,1467.66
,13,323.74
,16,407.96
,14,351.06
,20,424.23
,22,387.66
,23,352.71
,21,410.66
,17,428.5
,3,274.11
,4,264.96
,7,258.73
,11,283.6
,12,300.89
,19,433.95
,1,306.81
,5,257.94
,10,271.63
,18,440.5
,24,319.46
,2,287.89
,6,256.5
,8,257.91
,9,262.82
,15,379.85
,14,124.23
,10,97.62
,4,79
,18,150.26
,6,79.79
,3,81.36
,24,91.6
,23,100.77
,16,142.88
,9,92.77
,17,148.85
,12,107.77
,20,133.16
,21,122.91
,19,143.57
,15,133.92
,13,115.38
,7,82.21
,2,85.08
,11,101.9
,5,78.48
,8,86.75
,1,90.84
,22,111.79
,7,104.57
,4,102.75
,22,168.59
,11,120.49
,10,115.67
,6,100.26
,5,100.01
,20,200.03
,2,117.44
,1,128.67
,16,181.93
,9,110.69
,23,150
,3,108.7
,18,207.74
,14,148.01
,12,126.98
,8,106.61
,17,197.91
,21,186
,24,132.52
,19,207.25
,13,135.33
,15,163.73
,14,1287
,2,1035.21
,3,978.57
,4,945.51
,11,1081.19
,13,1187.2
,9,1017.03
,18,1695.54
,20,1598.95
,23,1251.18
,10,1053.76
,16,1539.55
,19,1666.94
,7,958.89
,17,1648.8
,22,1376
,5,933.07
,6,935.67
,8,979.11
,12,1123.18
,15,1412.45
,21,1498.68
,24,1138.48
,1,1108.85
,13,26.03
,14,26.91
,4,25.14
,18,35.34
,3,24.93
,5,24.73
,7,23.38
,16,31.8
,17,35.47
,21,31.3
,22,29.21
,1,24.82
,15,29.3
,6,24.32
,20,33.19
,24,26.15
,2,25.07
,9,24.82
,11,24.95
,8,23.28
,10,26.03
,12,25.66
,19,34.94
,23,26.7
,12,5777.12
,22,5791.32
,14,5808.08
,5,4834.36
,8,5363.44
,9,5601.52
,10,5728.38
,4,4802.94
,6,4941.27
,7,5127.96
,16,5876.09
,1,5032.45
,20,6164.14
,3,4830.04
,17,5969.14
,18,6097.56
,2,4900.2
,19,6141.41
,24,5149.87
,23,5450.02
,11,5762.36
,15,5824.62
,21,6075.11
,13,5802
,18,30534.13
,19,31539.63
,4,21485.71
,5,21133.32
,8,21453.6
,9,21135.3
,13,20425.96
,17,28374.8
,20,31289.77
,10,20542
,3,22222.15
,11,20208.91
,16,26021.49
,21,30325.76
,22,29172.77
,15,23656.98
,23,27248.89
,24,25429.37
,2,23335.27
,7,21410.22
,6,21132.45
,12,19976.59
,14,21689.56
,1,24522.81
,18,1161.47
,2,745.31
,21,1015.26
,14,1139.97
,1,782.27
,4,720.85
,6,734.19
,13,1087.6
,15,1206.23
,24,792.55
,23,854.51
,12,1013.28
,9,786.29
,10,843.19
,11,921.69
,16,1240.02
,17,1229.29
,22,939.52
,3,726.4
,8,754.6
,5,719.45
,7,723.61
,20,1079.98
,19,1111.32
,15,2193.42
,6,1713.24
,4,1663.69
,22,1996.07
,23,1848.79
,1,1737.91
,8,1856.25
,10,1944.42
,12,2009.05
,14,2118.97
,18,2393.48
,16,2285.02
,20,2300.71
,3,1671.33
,7,1768.18
,9,1916.95
,11,1972.09
,13,2057.12
,17,2363.18
,19,2380.88
,2,1697.08
,21,2159.44
,5,1680.26
,24,1744.83
,15,3114.09
,14,2912.38
,23,2860.51
,21,3183.54
,19,3381.66
,2,2332.26
,3,2229.99
,5,2125.23
,12,2541.99
,18,3477.39
,9,2263.1
,11,2425.93
,16,3316.76
,6,2120.5
,8,2173.86
,7,2155.05
,13,2703.49
,17,3447.49
,20,3301.52
,24,2658.09
,1,2455.77
,4,2160.29
,10,2348.24
,22,3049.67
,1,184.56
,5,184.65
,7,184.65
,17,184.51
,18,184.67
,19,184.97
,21,184.7
,3,184.57
,4,184.62
,6,184.62
,8,184.42
,20,184.64
,24,184.59
,2,184.73
,16,184.92
,22,184.76
,23,184.63
,9,184.44
,12,184.27
,14,184.83
,15,184.67
,10,184.23
,13,184.59
,11,184.36
,19,5860.99
,14,5294.37
,7,3839.49
,3,4058.35
,23,4839.54
,2,4219.39
,6,3853.12
,4,3944.83
,24,4539.07
,17,5919.31
,16,5772.53
,13,5023.91
,12,4728.92
,10,4225.85
,9,4022.49
,11,4466
,22,5190.16
,18,5976.99
,8,3879.29
,20,5689.15
,5,3883.82
,1,4421.28
,21,5443.61
,15,5553.83
,13,1245.79
,15,1307.15
,6,1085.53
,21,1267.6
,20,1335.12
,22,1191.72
,18,1385.32
,17,1378.97
,12,1228.61
,1,1058.36
,3,1032.9
,23,1122.15
,14,1271.44
,16,1344.51
,11,1207.11
,8,1157.85
,9,1184.34
,19,1370.3
,2,1041.75
,5,1050.08
,10,1198.45
,24,1072.17
,4,1036.09
,7,1122.75
,22,5493.1
,17,6315.23
,4,4598.82
,9,4925.55
,20,6132.34
,8,4849.64
,18,6332.69
,21,5842.87
,19,6271.3
,23,5143.07
,24,4909.34
,7,4745.64
,11,5086.56
,13,5450.75
,15,5944.84
,16,6175.21
,1,4834.48
,14,5686.88
,3,4629.89
,5,4608.34
,6,4677.2
,10,4972.79
,12,5238.8
,2,4705.31
,14,2162.94
,12,2089.38
,7,1795.25
,9,1997.46
,11,2081.32
,20,2493.64
,16,2329.14
,4,1697.29
,3,1720.96
,13,2116.95
,15,2236.97
,19,2507.35
,23,2042.42
,24,1898.73
,6,1721.79
,17,2441.29
,5,1691.97
,8,1885.74
,18,2503.46
,21,2380.66
,22,2208.31
,2,1766.06
,1,1844.4
,10,2062.66
,7,2054.11
,5,1953.83
,8,2133.15
,4,1963.92
,21,2637.74
,23,2356.2
,12,2298.14
,9,2203.26
,6,1980.4
,3,1997.98
,2,2046.61
,15,2352.54
,17,2505.87
,10,2246.89
,1,2126.08
,24,2188.13
,18,2620.01
,16,2401.84
,11,2282.04
,22,2529.66
,20,2701.83
,19,2680.7
,14,2328.25
,13,2313.48
,19,13521.23
,6,9307.68
,10,8290.37
,18,12690.42
,9,8878.17
,17,11300.66
,14,7851.69
,20,13580.82
,16,9945.35
,13,7399.35
,8,9370.52
,12,7378.57
,11,7765.7
,7,9431.53
,4,9406.59
,22,12602.35
,2,10148.16
,3,9700.34
,24,10853.45
,1,10671.26
,23,11673.16
,21,13199.3
,5,9286.67
,15,8771.56
,6,1312.62
,10,1259.77
,14,1460.31
,15,1533.51
,1,1320.14
,7,1299.21
,3,1266.51
,4,1261.58
,5,1277.38
,18,1657.99
,22,1467.79
,12,1334.7
,16,1596.19
,19,1646.3
,20,1619.66
,24,1325.27
,13,1396.24
,17,1646.2
,21,1552.79
,23,1388.48
,2,1287.8
,11,1288.6
,8,1266.38
,9,1261.87
,13,2441.51
,5,1845.23
,10,2357.79
,20,2721.69
,6,1904.98
,7,1989.3
,11,2401.7
,15,2412.56
,17,2499.64
,18,2589.19
,21,2659.36
,22,2500.01
,1,2048.32
,3,1869.19
,8,2110.07
,16,2436.1
,23,2308.77
,24,2120.37
,12,2428.58
,14,2411.72
,19,2647.2
,4,1840.9
,2,1941.64
,9,2244.84
,6,9543.51
,11,10168.08
,8,9719.67
,23,12695.37
,24,11875.78
,17,14170.29
,1,11150.17
,16,13441.82
,13,10896.52
,12,10425.69
,14,11615.84
,22,13494.82
,10,9904.62
,19,14684.05
,9,9858.01
,2,10603.31
,5,9543.76
,20,14369.91
,18,14658.62
,4,9720.4
,15,12490.65
,21,13921.53
,7,9652.74
,3,10069.28
,24,826.91
,17,959.93
,15,945.35
,10,897.96
,11,926.94
,2,758.51
,8,799.52
,5,714.98
,16,946.01
,7,758.45
,13,943.18
,23,892.05
,19,1012.61
,18,989.43
,4,718.76
,3,734.45
,1,795.98
,22,957.62
,21,1007.32
,20,1034.64
,12,939.84
,14,944.65
,6,727.23
,9,854.1
,11,2035.72
,18,2918.78
,1,2468.74
,3,2224.12
,10,2110.48
,13,1880.85
,14,1967.86
,15,2137.29
,17,2637.77
,20,3083.18
,21,2955.18
,22,2832.49
,12,1928.6
,19,3072.04
,23,2642.89
,24,2466.69
,4,2131.35
,6,2051.32
,7,2095.11
,8,2132.85
,9,2164.5
,16,2371.32
,5,2075.2
,2,2353.09
,5,3287.58
,7,3251.25
,9,3597.56
,20,5177.25
,22,4675.89
,24,4050.79
,4,3364.13
,6,3280
,14,5080.34
,18,5582.94
,15,5315.83
,8,3377.76
,10,3881.27
,11,4171.47
,12,4477.78
,19,5392.79
,23,4347.08
,16,5495.98
,17,5627.75
,21,4946.03
,1,3820.66
,2,3615.78
,3,3472.19
,13,4805.6
,1,1177.43
,6,1007.46
,21,1590.08
,23,1361.35
,3,1063.87
,7,1023.4
,9,1055.23
,18,1803.06
,8,1039.17
,12,1232.4
,16,1685.2
,17,1776.07
,20,1687.35
,24,1251.42
,11,1140.64
,10,1076.2
,15,1568.85
,22,1486.96
,5,1002.46
,13,1335.99
,14,1435.14
,19,1747.81
,2,1111.12
,4,1024.25
,3,276.9
,10,267.28
,13,316.5
,21,397.48
,22,374.94
,24,317
,1,307.21
,6,261.35
,15,369.92
,16,396.33
,17,417.81
,18,428.37
,19,411.56
,4,268.36
,7,260.68
,8,259.69
,9,260.91
,14,341.95
,23,344.6
,20,409.1
,12,294.56
,2,289.63
,5,264.15
,11,279.32
,3,316.52
,8,349.86
,9,374.27
,7,328.56
,14,414.26
,17,432.44
,21,459.46
,23,396.68
,24,358.46
,18,446.53
,20,464.38
,11,410.77
,16,422.98
,5,306.29
,6,312.11
,2,326.29
,10,397.47
,12,412.07
,13,412.54
,15,418.75
,22,428.46
,19,458.31
,1,340.52
,4,309.72
,19,77.34
,15,72.81
,9,50.19
,11,55.05
,14,69.35
,2,45.97
,5,43.05
,12,59.46
,22,58.35
,23,52.84
,3,43.85
,4,42.74
,21,65.06
,24,48.86
,13,64.65
,10,52.31
,16,78.07
,17,81.57
,18,81.64
,20,71.23
,6,45.31
,7,46.19
,8,46.13
,1,48.07
,7,575.26
,23,701.33
,2,604.88
,6,566.72
,8,584.88
,17,991.98
,15,918.32
,18,1003.94
,22,756.15
,1,632.15
,4,574.75
,9,597.21
,12,745.76
,14,863.94
,16,958.18
,19,950.51
,11,684.46
,13,802.53
,24,655.15
,3,584.72
,5,564.8
,10,630.13
,21,817.13
,20,878.63
,5,369.99
,8,367.83
,2,405.59
,7,378.71
,21,556.58
,20,606.15
,9,369.16
,16,656.18
,15,620.12
,19,667.97
,24,445.42
,3,389.64
,6,371.99
,14,573.58
,18,707.45
,23,478.74
,4,378.13
,11,432.71
,12,480.25
,13,524.19
,17,688.34
,1,428.76
,10,393.21
,22,513.44
,7,196.55
,3,195.08
,15,298.19
,13,278.35
,2,199.29
,10,236.93
,17,303.64
,5,194.81
,8,217.06
,12,265.51
,14,290.36
,19,282.54
,24,209.73
,23,222.59
,1,203.39
,4,196.62
,11,251.74
,18,296.49
,20,272.48
,21,260.55
,6,194.73
,16,302
,22,242.71
,9,228.06
,8,1147.21
,9,1172.67
,7,1069.35
,3,815.94
,15,1186.84
,17,1203.77
,5,851.8
,16,1187.95
,6,945.13
,4,817.53
,2,832.18
,14,1187.48
,10,1176.22
,1,864.59
,12,1178.04
,11,1174.35
,13,1186.63
,16,0
,5,0
,9,0
,1,0
,6,0
,14,0
,13,0
,15,0
,2,0
,12,0
,11,0
,3,0
,17,0
,8,0
,10,0
,7,0
,4,0
,7,3939.85
,16,5426.47
,13,4607.96
,12,4319.23
,11,4045.89
,6,3822.05
,10,3897.35
,9,3904.88
,17,5570.81
,14,4870.37
,8,3945.4
,15,5109.33
,2,3758.38
,1,3919.45
,5,3677.25
,3,3658.9
,4,3624.05
,5,1432.69
,4,1410.83
,14,2110.17
,16,2417.01
,17,2536.65
,9,1749.93
,7,1629.42
,8,1710.2
,11,1833.9
,10,1794.35
,15,2257.08
,1,1599.31
,2,1504.87
,12,1894.32
,13,1986.56
,3,1437.55
,6,1499.93
,12,341.6
,4,260.06
,5,259.67
,1,286.52
,11,329.13
,14,382.07
,9,320.88
,17,441.17
,6,267.46
,2,273.77
,3,263.93
,7,288.94
,8,306.52
,10,325.78
,13,360.51
,15,401.57
,16,422.54
,17,146.66
,2,81.9
,5,79.01
,12,112.58
,10,106.53
,3,78.9
,9,104.07
,4,77.7
,14,126.19
,7,93.61
,6,84.34
,8,100.35
,13,118.9
,16,142.5
,15,134.83
,11,108.4
,1,86.9
,11,133.78
,5,102.29
,3,106.51
,2,113.54
,17,199.9
,12,138.38
,9,127.39
,1,123.39
,13,145.11
,8,123.58
,6,107.12
,7,118.3
,14,155.9
,4,102.25
,16,185.47
,15,169.24
,10,131.32
,17,1708.29
,10,1199.63
,4,943.69
,6,1012.4
,8,1148.64
,12,1270.87
,5,964.35
,14,1413.6
,7,1099.13
,1,1074.97
,9,1165.55
,11,1232.01
,13,1331.2
,15,1516.63
,16,1629.92
,3,961.24
,2,1008.33
,2,27.33
,5,27.38
,17,40.63
,1,27.53
,9,32.04
,4,27.12
,6,28.61
,7,29.44
,11,30.57
,12,30.89
,14,32.41
,15,34.81
,16,36.58
,3,26.96
,8,31.1
,10,31.09
,13,30.85
,5,5062.66
,2,5007.57
,14,6393.34
,17,6442.12
,7,5818.78
,16,6380.99
,9,6228.62
,8,6112.91
,10,6298.51
,12,6357.06
,11,6322.75
,15,6383.08
,3,4943.07
,13,6384.58
,4,4941.82
,1,5132.64
,6,5379.14
,14,27159.34
,1,24345.66
,7,25045.16
,9,26516.72
,16,30653.54
,3,22318.48
,12,25728.09
,2,23280.2
,13,26187.31
,17,32267.38
,4,21854.67
,5,22138.7
,10,26124.17
,11,25861.02
,6,23205.55
,8,26380.92
,15,28656.27
,2,723.82
,5,776.11
,4,730.18
,6,848.37
,11,1016.41
,9,913.64
,16,1309.09
,7,859.46
,10,954.31
,12,1098.54
,17,1264.59
,1,746.32
,3,715.6
,13,1175.09
,14,1232.27
,15,1282.07
,8,888.85
,4,1716.95
,8,2120.85
,11,2215.63
,6,1916.16
,12,2243.21
,15,2394.12
,10,2194.24
,7,2036.48
,2,1714.09
,13,2279.97
,16,2472.96
,14,2334.29
,5,1786.87
,17,2539.22
,1,1749.02
,3,1698.79
,9,2175.21
,3,2260.36
,11,2995.26
,6,2325.33
,13,3268.5
,16,3793.4
,7,2505.79
,10,2901.18
,14,3459.86
,2,2353.98
,8,2647.74
,12,3113.82
,5,2225.93
,15,3640.16
,1,2497.59
,17,3867.95
,9,2788.99
,4,2210.96
,3,184.45
,4,184.29
,17,184.07
,8,184.34
,11,184.38
,14,184.54
,15,184.42
,1,184.32
,9,184.42
,13,184.64
,10,184.45
,12,184.47
,5,184.05
,2,184.32
,6,184.15
,7,184.22
,16,184.16
,6,4072.95
,12,4901.02
,17,6181.49
,5,3973.43
,9,4376.53
,13,5196.87
,14,5486.89
,16,6007.5
,1,4402.96
,3,4080.99
,2,4220.96
,10,4496.31
,4,3984.67
,7,4176.14
,11,4658.09
,15,5779.35
,8,4260.85
,3,1015.08
,12,1277.07
,8,1252.01
,11,1261.63
,13,1300.18
,6,1173.9
,16,1387.28
,14,1327.28
,2,1018.54
,10,1255.66
,15,1361.64
,17,1404.38
,5,1082.08
,7,1243.37
,1,1031.64
,9,1250.99
,4,1031.26
,9,5688.25
,10,5739.92
,13,6189.37
,12,5989.16
,6,5203.05
,3,4654.83
,17,6784.08
,5,4907.2
,1,4785.41
,15,6557.72
,4,4720.56
,8,5592.26
,2,4689.41
,14,6373.55
,16,6714.05
,7,5447.93
,11,5831.69
,14,2491.54
,13,2439.7
,7,2155.96
,4,1714.46
,8,2294.48
,3,1714.56
,12,2390.07
,9,2335.42
,6,1921.94
,5,1766.54
,2,1743.62
,17,2598.19
,16,2562.99
,15,2535.77
,11,2376
,1,1807.34
,10,2359.54
,10,2515.75
,9,2522.27
,7,2346.56
,3,1987.84
,8,2499.8
,1,2088.89
,16,2611.94
,6,2135.54
,17,2685.96
,15,2569.44
,14,2551.18
,12,2520.42
,11,2516.74
,4,1974.51
,13,2533.15
,2,2018.49
,5,2016.74
,10,10733.77
,6,10082.08
,13,9891.86
,11,10264.08
,5,9604.01
,9,11288.04
,7,10872.73
,12,9929.31
,3,9617.15
,1,10405.09
,8,11519.24
,15,10749.13
,2,9970.21
,4,9454.03
,14,10121.32
,17,12766.11
,16,11693.91
,16,1630.94
,2,1255.37
,15,1569.82
,3,1249.23
,4,1268.08
,11,1326.7
,13,1436.83
,9,1321.17
,5,1327.07
,10,1312.42
,17,1682.47
,6,1420.07
,7,1428.24
,12,1364.64
,14,1499.76
,8,1357.76
,1,1275.06
,2,1931.31
,16,2614.08
,3,1878.64
,8,2548.01
,9,2610.19
,6,2126.51
,17,2662
,10,2645.64
,12,2661.81
,1,2015.35
,7,2389.64
,13,2663.22
,14,2639.76
,4,1874.31
,5,1948.7
,11,2660.56
,15,2611.06
,15,15051.79
,10,12598.31
,3,10216.84
,1,11212.61
,16,15869.72
,7,11455.73
,6,10634.49
,8,12016.72
,12,13157.21
,2,10697.7
,5,10118.11
,17,16195.12
,13,13667.57
,11,12873.14
,9,12365.83
,14,14341.43
,4,9987.59
,7,890.49
,14,1044.56
,15,1044.65
,12,1036.58
,13,1041.32
,10,1021.04
,11,1030.01
,3,724.53
,4,719.7
,5,736.19
,16,1051.87
,1,778.63
,9,1005.28
,2,744.27
,6,792.51
,8,970.52
,17,1057.89
,7,2477.62
,6,2252.31
,1,2491.88
,4,2181.67
,12,2390.59
,16,2817.29
,13,2371.46
,11,2476.63
,5,2183.9
,14,2434.07
,3,2252.3
,17,3029.24
,15,2587.96
,9,2618.91
,2,2378.6
,10,2547.01
,8,2604.39
,11,4398.9
,17,5591.03
,13,4955.6
,3,3465.92
,12,4679.3
,14,5212.27
,15,5373.37
,1,3764.38
,9,3921.3
,4,3415.35
,5,3438.17
,7,3645.48
,10,4135.24
,16,5472.02
,2,3590.11
,6,3560.88
,8,3780.86
,7,1109.57
,2,1060.9
,1,1119.64
,5,1016.78
,13,1344.62
,14,1456.53
,10,1086.86
,12,1253.16
,11,1143.1
,15,1555.32
,4,1004.49
,6,1065.96
,9,1090.2
,3,1026.42
,16,1641.81
,17,1723.19
,8,1113.35
,9,332.89
,14,409.66
,8,330.96
,3,276.47
,16,455.44
,17,473.14
,10,337.83
,11,349.26
,5,275.96
,12,362.84
,4,272.55
,7,314.83
,6,290.06
,1,301.13
,15,433.74
,2,286.07
,13,384.66
,11,464.17
,10,457.54
,4,313.41
,8,431.3
,1,338.34
,6,342.49
,5,319.36
,2,325.87
,14,468.84
,15,470.03
,16,473.39
,12,467.06
,7,386.74
,17,479.03
,9,451.18
,13,467.85
,3,315.71
,12,66.5
,9,59.52
,4,47.1
,5,48.64
,6,52.52
,7,54.85
,14,77.98
,8,56.23
,13,71.78
,11,62.8
,17,92.85
,1,51.76
,3,47.74
,10,60.63
,15,82.97
,2,49.37
,16,88.46
,14,896.1
,16,972.41
,17,1009.98
,9,649.1
,6,602.47
,2,594.37
,13,842.92
,11,722.29
,1,618.18
,5,583.95
,12,787.11
,4,577.87
,10,669.67
,7,627.72
,3,580.11
,15,937.26
,8,646.96
,1,412.97
,14,580.84
,10,402.34
,17,689.4
,6,387.45
,5,375.32
,9,387.93
,8,396.78
,2,392.29
,3,380.06
,13,538.99
,15,616.07
,11,443.07
,7,403.16
,4,374.01
,16,650.48
,12,494.71
,11,279.21
,10,267.33
,16,321.93
,7,224.56
,3,200.05
,5,208.63
,6,215.02
,15,321.18
,14,315.25
,4,203.86
,8,250.18
,1,205.22
,17,320.58
,9,261.17
,13,303.93
,2,202.08
,12,292.4
