lid,state_id,lat,lng
ABOM8,MT,46.877222222222,-113.93138888889
ABNG1,GA,31.594166666667,-84.144166666667
ABGM2,MD,39.481666666667,-76.340555555556
ABRW2,WV,39.494722222222,-79.644722222222
ABEM6,MS,33.8293957,-88.5402036
ABBV2,VA,37.451517,-80.112736
ABDM6,MS,33.79,-88.315277777778
ACRT2,TX,30.246111111111,-97.68
ACYN4,NJ,39.3567,-74.4183
ACSC2,CO,38.9372,-107.3583
ACML1,LA,31.267777777778,-91.830833333333
ACSC1,CA,37.577434,-121.857734
ADLC1,CA,37.62659915,-121.8830126
AEXL1,LA,31.308888888889,-92.439166666667
AECC1,CA,37.69524,-121.84506
AFRA3,AZ,34.015555555556,-112.1679378
AFPU1,UT,40.4477297,-111.6821472
AFMA3,AZ,34.315277777778,-112.06333333333
ACMP1,PA,40.536111111111,-79.815
AFHA3,AZ,34.485277777778,-112.2375
AFRI1,ID,42.77889,-112.87694
ADXC1,CA,35.288333333333,-120.65027777778
ADLC2,CO,38.24805799,-104.3991356
ADKA2,AK,51.8633333333333,-176.631666666667
AHCC1,CA,38.016778,-122.13588
AGHC1,CA,35.148611111111,-120.53083333333
AGNO3,OR,42.5784422,-124.0581443
AGMC1,CA,35.124444444444,-120.56805555556
AHOC1,CA,37.46160337,-121.769397
AKYC1,CA,38.7636111111111,-120.3275
AKDA4,AR,34.121111111111,-93.046111111111
ALDN7,NC,36.438333333333,-81.654166666667
ALGC1,CA,35.100277777778,-120.62833333333
ALBO3,OR,44.638611111111,-123.106978
ALIA2,AK,56.898055555556,-154.24694444444
ALCF1,FL,27.9797421060249,-82.742323158436
ALDW2,WV,37.724166666667,-80.641666666667
ALGL1,LA,32.373801,-91.880754
ALKA2,AK,59.395,-138.08194444444
ALFW1,ID,48.178888888889,-116.99972222222
ALBN6,NY,42.646111111111,-73.7475
ALLA2,AK,66.565277777778,-152.6425
ALEC2,CO,38.66443715,-106.848095
ALMW3,WI,44.324,-91.9185
ALNI2,IL,38.866388888889,-90.146388888889
ALPT1,TN,36.396944444444,-85.174444444444
ALNP1,PA,40.623055555556,-75.482777777778
ALRW1,WA,46.800833333333,-122.30972222222
ALPW4,WY,43.19625,-110.88944
ALTC2,CO,38.66443715,-106.8453172
ALWP1,PA,41.10805556,-76.89
ALSV2,VA,36.9375,-80.745833333333
ALYM7,MO,37.14817,-91.44308
AMLC1,CA,37.67687486,-121.8143992
AMIL1,LA,30.728888888889,-90.484166666667
AMFI1,ID,42.767508,-112.879475
AMVC1,CA,37.6267295,-121.7045683
AMYM6,MS,33.98555556,-88.5511111
AMRL1,LA,29.449444444444,-91.338055555556
ANAW1,WA,46.0971,-116.9776
ANDI1,ID,43.3436111,-115.4775
ANBC2,CO,37.7902777777778,-107.666944444444
ANTA2,AK,61.238175,-149.8900037
ANKF1,FL,27.345552,-80.276275
ANGM6,MS,32.9717,-90.777
ANTI1,ID,43.966822,-111.672619
ANKM5,MN,45.1288,-93.2993
ANDM3,MA,42.6714806,-71.1492239
ANSI4,IA,42.08333856,-91.2673818
ANNM7,MO,37.336111111111,-90.788611111111
AOLC1,CA,37.5927944,-121.8831673
APEV2,VA,37.508245,-79.714401
ANVC1,CA,38.9133,-123.708
APAM2,MD,38.983055555556,-76.48
APCC1,CA,38.3682457,-122.3033085
APPV2,VA,37.33717,-78.5195
APNC2,CO,39.17998755,-106.8019826
APCF1,FL,29.726666666667,-84.981666666667
APRO3,OR,42.2415113,-123.1400485
APBA2,AK,59.772222222222,-151.83638888889
ARCN5,NM,36.801944444444,-107.69861111111
ARAI1,ID,43.358611,-115.44594
APTA2,AK,59.747222222222,-151.75305555556
ARCV2,VA,37.392634,-79.041099
ARCT2,OK,33.875,-95.501666666667
ARFN5,NM,36.7225,-108.20194444444
ARCC1,CA,40.9098217,-124.06058
ARCC2,CO,38.064604,-103.685472
ARDW1,WA,47.8186111111111,-120.4231
ARLW1,WA,48.203611111111,-122.12805555556
ARGW1,WA,48.261666666667,-122.04638888889
ARLT1,TN,35.3109497,-89.6395599
ARSA4,AR,33.5515,-91.2384
AROC1,CA,36.9001920853113,-121.59767779996
ASEN6,NY,41.950277777778,-74.208333333333
ARWO3,OR,42.3540058,-123.4067276
ASFN6,NY,44.4375,-73.681111111111
ARTN6,NY,43.9858,-75.9246
ASHK2,KY,38.4811922,-82.6365497
ARVA3,AZ,32.84423324,-110.6301
ARTT1,TN,36.5425219,-83.6300294
ASJC1,CA,34.264166666667,-118.73555555556
ASTO3,OR,46.208333333333,-123.76666666667
ATGM1,ME,44.39167,-68.20917
ATIC1,CA,38.017777777778,-121.80305555556
ATHO1,OH,39.32896188,-82.0876439
ATKA2,AK,52.232,-174.1726
ATTN6,NY,42.8647,-78.2834
AUGA4,AR,35.294444444444,-91.394166666667
AUBW1,WA,47.3125,-122.20277777778
ATPA3,AZ,31.83897238,-111.4042694
AUON6,NY,42.932222222222,-76.565277777778
AURO3,OR,45.233333333333,-122.75027777778
AUBM1,ME,44.0722,-70.2081
AUGG1,GA,33.373611111111,-81.943055555556
AVLN7,NC,35.608889,-82.578056
AVLA1,AL,33.210277777778,-88.288611111111
AVPC1,CA,37.6676,-121.88364
AWEC1,CA,37.5404908,-121.856345
AVON6,NY,42.922748,-77.757403
AYMC1,CA,37.6904857,-121.8732899
AVYC1,CA,38.2438067,-120.2910282
AXTV2,VA,38.805277777778,-77.038333333333
BABA3,AZ,31.70027778,-110.2263889
BAHM1,ME,43.8943,-69.81
AYOC1,CA,34.271806,-118.9225
BAGA4,AR,35.760277777778,-91.641111111111
AYSG1,GA,31.2380555555556,-82.3247222222222
BAHK2,KY,37.0169444444444,-88.2236111111111
AZAO3,OR,42.82484286,-123.1789492
BACT2,TX,28.973888888889,-96.012222222222
BAPT2,TX,30.1025,-98.5105555555556
BAKC2,CO,40.3258,-105.8561
BAIN6,NY,42.291388888889,-75.476666666667
BARK2,KY,37.0244444444444,-88.2227777777778
BAKI3,IN,39.2,-85.9256
BAWT2,TX,29.8083333333333,-96.0955555555555
BATN6,NY,40.700556,-74.014167
BATM3,MA,42.7636083,-71.0331722
BAXG1,GA,31.938888888889,-82.353611111111
BBGS1,SC,35.124017,-81.587872
BCBA3,AZ,34.541666666667,-113.44444444444
BBVK2,KY,36.862222,-83.8875
BBZT2,TX,30.626666666667,-96.543888888889
BCGN7,NC,35.12713056,-78.9748306
BCGV2,VA,39.2603,-78.3336
BCDW1,WA,46.7720459,-122.924298
BCKA1,AL,31.0072222,-88.0119444
BCKO3,OR,44.706944444444,-122.1
BCNU1,UT,41.5763213,-112.100782
BCLO3,OR,44.753611111111,-122.29722222222
BCSV2,VA,37.98058,-78.95328
BCTU1,UT,40.618611111111,-111.78111111111
BDDI1,ID,43.539722222222,-116.09361111111
BDBC1,CA,40.28848836,-122.1866645
BDGM3,MA,41.9339903,-70.9564307
BDDP1,PA,40.3925,-79.860277777778
BDKN4,NJ,40.551111111111,-74.548333333333
BDRN4,NJ,40.0817,-74.87
BEAC3,CT,41.442222222222,-73.063055555556
BEAO3,OR,45.266666666667,-123.84583333333
BEAW4,WY,41.43443899,-111.0176863
BEAP1,PA,40.763333333333,-80.315277777778
BECP1,PA,41.0808995,-77.54943419
BEAI2,IL,40.016851,-90.438897
BELM6,MS,33.16471,-90.49431
BELM8,MT,46.869166666667,-114.12583333333
BECU1,UT,41.5763213,-112.100782
BECV2,VA,37.536111111111,-78.829722222222
BEDI3,IN,38.7703,-86.4097
BERU1,UT,40.9652254,-110.8535079
BETP1,PA,40.615277777778,-75.379166666667
BEVW2,WV,39.119017,-81.737869
BEVO1,OH,39.544444444444,-81.640833333333
BFST2,TX,30.000583,-98.200361
BFTI1,ID,43.12527778,-112.518889
BFEI1,ID,48.698055555556,-116.3125
BFTN7,NC,34.718417,-76.673118
BFKW4,WY,43.8381,-110.4407
BFFU1,UT,37.15067778,-109.8666889
BGBM6,MS,34.01138889,-88.5136111
BGDA2,AK,64.156944444444,-145.86444444444
BFYG1,GA,32.93644444,-81.5025278
BGMC2,CO,39.8803,-106.3333
BGNN6,NY,40.639,-74.1463
BGLN4,NJ,39.7608,-74.1106
BHBM3,MA,42.3539,-71.0503
BIGU1,UT,40.656388888889,-111.82388888889
BHTA4,AR,33.875555555556,-93.304444444444
BIGI1,ID,43.660555555556,-116.27916666667
BIRN1,NE,41.22141,-101.0698
BILM8,MT,45.8001194,-108.4680306
BIKM2,MD,39.222777777778,-77.249444444444
BISV2,VA,36.760609,-80.62234
BIUI1,ID,42.012975,-111.921444
BISM2,MD,38.22,-76.0383333
BITM8,MT,46.83173889,-114.054861
BKBN6,NY,42.536944444444,-74.410833333333
BKCC1,CA,39.7261111111111,-121.707777777778
BKNM6,MS,31.0519,-89.2042
BKRA4,AR,36.1025,-91.097777777778
BKWN4,NJ,40.475,-74.575833333333
BLBA1,AL,30.40567,-88.24769
BLAN7,NC,35.299167,-82.623889
BLBV2,VA,36.741903,-80.002438
BLKC1,CA,40.90596479,-123.815335
BLOF1,FL,30.425,-85.031388888889
BLRL1,LA,30.281388888889,-91.686666666667
BLKO2,OK,36.811421,-97.277265
BLTM2,MD,39.27,-76.58
BLRC2,CO,39.6256,-106.0658
BLUO3,OR,44.162222222222,-122.3325
BLVI4,IA,42.27278,-90.42111
BMBP1,PA,40.99388,-76.4402778
BLUO2,OK,33.997041,-96.241099
BLTN7,NC,35.568333,-82.544722
BNAA1,AL,34.67,-87.3172222222222
BMTW1,WA,47.562,-122.624
BNMA3,AZ,32.95561778,-109.5311876
BNGN6,NY,42.0925,-75.915
BNGM1,ME,45.0666666666667,-69.9
BNNV2,VA,37.530555555556,-79.679166666667
BNRU1,WY,40.95902778,-110.5797222
BOGT1,TN,36.135806,-89.431667
BOOT1,TN,36.4411,-82.436388
BONN4,NJ,40.896944444444,-74.394722222222
BOON6,NY,43.5116666666667,-75.3066666666667
BOQT2,TX,29.1835386,-102.9754409
BONM8,MT,46.899722222222,-113.75555555556
BORW4,WY,42.2931,-110.87272
BOWD1,DE,39.0583,-75.3976
BOVM6,MS,32.34777,-90.69694
BOYO3,OR,42.0847,-122.0722
BOYM2,MD,39.206666666667,-77.288611111111
BOTN4,NJ,40.9075,-74.419166666667
BOZM7,MO,38.980278,-92.745278
BPCV2,VA,37.251466,-81.27141
BPRM1,ME,44.7963889,-68.76777778
BPXC1,CA,37.2333825,-122.3673389
BPNW4,WY,42.56717,-109.93015
BRAI1,ID,42.401667,-111.357156
BRAN6,NY,44.863611,-74.778611
BRBT2,TX,30.0928,-98.42318
BRBO3,OR,44.75262179,-122.1289648
BRBW4,ID,42.210767,-111.053314
BRCM6,MS,33.973271,-89.347764
BRDC1,CA,35.9302434,-120.8687915
BRDG1,GA,34.881666666667,-84.281666666667
BRGC1,CA,40.480385,-123.8908461
BRFI1,ID,43.495833333333,-115.3075
BREP1,PA,40.5225,-75.998611111111
BRHC3,CT,41.175819,-73.183969
BRIA2,AK,59.76,-150.83972222222
BRGN6,NY,41.6375,-74.617777777778
BRLO1,OH,41.046169,-81.0025922
BRIN6,NY,43.3533,-78.1931
BRKI3,IN,39.4074722,-85.01288889
BRKM2,MD,38.949722222222,-77.127777777778
BRLI4,IA,40.798055555556,-91.091666666667
BRNI1,ID,44.83633,-116.898586
BRON1,NE,40.39889,-95.6533
BROV2,VA,37.039444444444,-78.9457222222222
BRNW2,WV,38.842778,-80.620278
BRRK2,KY,36.891944444444,-86.124166666667
BRSN3,NH,43.5665,-71.7479
BRTA3,AZ,33.8180973,-111.6318055
BRTT2,TX,30.104444444444,-97.319166666667
BRWC1,CA,39.0001727,-121.4066238
BRTM2,MD,39.2503611,-76.4041667
BRVT2,TX,31.063888888889,-93.519444444444
BRWO1,OH,41.0483912,-81.0012032
BRYA4,AR,36.427222222222,-93.620833333333
BSBA1,AL,34.749166666667,-86.446666666667
BRTO3,OR,44.2179043,-122.2650676
BRWU1,WY,41.505501,-111.0146317
BSHL1,LA,30.6291666666667,-89.8972222222222
BRTN6,NY,42.800028,-74.262778
BRYN6,NY,41.508888888889,-74.986111111111
BSRC1,CA,36.24579648,-121.7732872
BSPN7,NC,35.210833,-81.6975
BSMT2,TX,29.879444444444,-97.910555555556
BSLL1,LA,30.480555555556,-92.631666666667
BSWC2,CO,39.5667,-106.0489
BSZF1,FL,28.3308333333333,-82.6730555555555
BTBM1,ME,43.82,-69.62
BSRL1,LA,30.13,-91.3225
BTAM6,MS,32.603055,-90.36388
BTCC1,CA,39.45766285,-121.9941417
BSRW4,WY,42.3296,-109.5119
BTRL1,LA,30.429166666667,-91.206944444444
BTSI1,ID,43.66805556,-115.7252778
BTNA4,AR,34.567777777778,-92.610277777778
BTVN6,NY,42.9971,-78.1882
BTTA2,AK,66.926111111111,-151.50861111111
BTEC1,CA,37.0443931,-122.072464
BTYO3,OR,42.447777777778,-121.23861111111
BUCK2,KY,37.34,-83.470278
BTTN6,NY,43.108611111111,-73.422222222222
BUEC2,CO,39.4558,-106.0311
BUCW2,WV,38.186209,-80.130008
BURC1,CA,40.788889,-123.438889
BUXC1,CA,37.2330032,-122.3660306
BUXL1,LA,30.4231111,-93.4246111
BUSO3,OR,43.715833333333,-119.17666666667
BVDN4,NJ,40.826388888889,-75.0825
BVRT1,TN,35.27532938,-88.9766303
BVSV2,VA,37.7625,-79.391666666667
BVVN4,NJ,39.2325,-75.0328
BWGK2,KY,37.0028201,-86.432768
BWKI1,ID,43.786456,-114.42515
BWTA3,AZ,32.07563364,-111.3387156
BWRT2,TX,30.746944444444,-93.608333333333
BWSN2,NV,38.95019444,-115.7032778
BXAL1,LA,30.7930555555556,-89.8208333333333
BYML1,LA,30.347777777778,-90.896944444444
BZBM3,MA,41.5236,-70.6711
BYSA1,AL,30.56517,-88.088
BYNN7,NC,35.76528,-79.13583
CABI1,ID,48.085555555556,-116.0575
CAGM7,MO,39.000833333333,-90.6875
CAGI3,IN,39.487222222222,-86.917222222222
CAMA4,AR,33.59638888,-92.818055555556
CALT1,TN,35.4927,-83.9796
CAMC2,CO,39.2391463,-108.2661946
CAMN4,NJ,40.726111111111,-74.389722222222
CAMI1,ID,44.579444444444,-116.64333333333
CALA4,AR,33.311111111111,-92.485
CALK2,KY,37.5338888888889,-87.2638888888889
CALW1,WA,47.96007697,-124.3929872
CALV2,VA,38.23038,-79.34474
CAMM2,MD,38.573333333333,-76.068333333333
CANO3,OR,45.244166666667,-122.6875
CAPN4,NJ,38.9483,-74.8889
CAPL1,LA,29.768055555556,-93.342777777778
CARF1,FL,30.775555555556,-85.827777777778
CARM6,MS,32.707222,-89.5263888
CARI2,IL,38.092222222222,-88.156111111111
CASM1,ME,43.656667,-70.246667
CANM7,MO,40.142395,-91.515031
CASW1,WA,46.274444444444,-122.9125
CARV2,VA,37.670833333333,-78.086111111111
CARO2,OK,35.168108,-99.507313
CASU1,UT,40.0496781,-111.5479705
CATK2,KY,38.7103478,-84.3107693
CARV1,VT,43.6242324,-73.3115011
CAVA3,AZ,33.88725977,-111.9540388
CAWC2,CO,40.1083,-106.0036
CBAC1,CA,38.7711111111111,-120.815277777778
CBBV2,VA,36.9666667,-76.1133333
CAVV2,VA,37.3511,-79.9417
CBAO3,OR,46.181221,-123.183454
CBEM2,MD,39.621944444444,-78.773333333333
CBFN7,NC,34.9378,-76.8107
CBGC2,CO,40.1208,-105.9
CBKM8,MT,48.633403,-112.346481
CBUM6,MS,33.5175,-88.4894
CBST2,TX,29.7061111111111,-96.5366666666667
CCDP1,PA,40.7203422,-79.5114332
CCDO2,OK,36.3225,-94.685
CCBV2,VA,38.113243,-79.011617
CCIV2,VA,37.535905,-80.034084
CCHW4,WY,44.521111111111,-107.2
CCHV2,VA,37.2889694,-75.923545553
CCMA3,AZ,36.9438888888889,-109.71
CCRN6,NY,41.756666666667,-75.057777777778
CCNO1,OH,39.0945044,-84.5104983
CCSU1,UT,40.7925,-111.87638888889
CCVA2,AK,70.432222222222,-150.40944444444
CCUC2,CO,39.13276047,-109.0270546
CCVT2,TX,28.731,-97.138
CCTM6,MS,33.838611111111,-89.315555555556
CDCA3,AZ,35.773611111111,-113.36277777778
CDFP1,PA,39.869722222222,-75.593611111111
CDEN6,NY,43.0825,-76.8775
CDIO1,OH,40.014444444444,-81.587222222222
CDGV2,VA,38.1209,-79.1231
CDRC2,CO,37.036569,-107.875333
CDLC1,CA,38.87930758,-123.053567
CECC1,CA,41.745,-124.18305555556
CDOA3,AZ,32.33618529,-111.0420429
CDPA1,AL,34.0980555555556,-86.0380555555556
CENW1,WA,46.711721,-122.978476
CENV1,VT,43.603611111111,-73.013611111111
CEMC1,CA,38.714722222222,-119.76388888889
CEDP1,PA,41.5216666666667,-77.4477777777778
CFDM1,ME,44.608055555556,-67.935277777778
CFWM1,ME,44.657,-67.205
CGJC2,CO,39.0545833,-108.5411111
CGCA3,AZ,36.101388888889,-112.08555555556
CFMM8,MT,48.361944444444,-114.18388888889
CFLK2,KY,37.2333333333333,-83.0333333333333
CGSL1,LA,30.5566666666667,-90.1461111111111
CGGC2,CO,40.48080479,-107.6142338
CGMW1,WA,46.7759343,-123.0356919
CHAN6,NY,44.846666666667,-75.078055555556
CHBC1,CA,36.774167,-120.285278
CHAA2,AK,65.085277777778,-147.72166666667
CGRO3,OR,44.136074,-122.247205
CHAN7,NC,35.019722222222,-83.790833333333
CHAT1,TN,35.056111111111,-85.306388888889
CGYC2,CO,39.098611111111,-108.35444444444
CHBV2,VA,37.03291,-76.08325
CHCM2,MD,39.5266666666667,-75.81
CHEI1,ID,44.018175,-111.566603
CHIV2,VA,37.9023,-75.4078
CHES1,SC,34.708333333333,-79.875
CHET1,TN,36.324444444444,-87.224444444444
CHFA2,AK,64.8447,-147.7042
CHDW1,WA,47.83624,-120.06146
CHJW1,WA,47.996111111111,-119.6325
CHKT1,TN,35.0138947,-85.20941039
CHPM3,MA,41.3893,-70.5099
CHLA2,AK,64.886111111111,-147.24722222222
CHEN6,NY,42.086388888889,-76.801388888889
CHLI3,IN,39.717222222222,-87.072222222222
CHLC1,CA,36.55357267,-121.5493856
CHRN6,NY,43.1006,-77.8822
CHRA2,AK,61.20472578,-149.8974826
CHRA3,AZ,33.8277777777778,-110.855555555556
CHSI2,IL,37.90074167,-89.830211111
CHTM3,MA,41.6885,-69.951
CHSO3,OR,42.584444444,-121.848333333
CHTO3,OR,42.12344278,-124.1873107
CHTS1,SC,32.775037,-79.92399
CHWA3,AZ,34.636388888889,-110.71361111111
CHRP1,PA,40.149444444444,-79.901666666667
CHZC1,CA,35.353055555556,-120.78777777778
CIRI2,IL,37,-89.1625
CINN6,NY,42.541111111111,-75.899444444444
CJXA2,AK,61.869444444444,-158.11138888889
CIKA1,AL,30.78189,-88.07361
CIDI4,IA,41.971944444444,-91.666944444444
CIYW1,WA,46.444166666667,-121.83888888889
CIVU1,UT,40.92050285,-111.4015858
CJKC1,CA,34.2633392,-117.4669944
CKTA2,AK,59.415,-135.93305555556
CKTT1,TN,35.1028,-85.232722
CLAI4,IA,42.9036,-91.1451
CKDT1,TN,35.1025,-85.228167
CLAC1,CA,39.236944444444,-121.99472222222
CKLN6,NY,42.035277777778,-75.803333333333
CKFN6,NY,41.946388888889,-74.98
CKYM6,MS,32.3261,-88.9092
CLAT1,TN,36.5541666666667,-85.5144444444445
CKVT1,TN,36.5413888888889,-87.3677777777778
CLBA1,AL,31.613333333333,-87.550555555556
CLDA4,AR,34.685555555556,-91.315277777778
CLDA1,AL,31.758333333333,-88.129166666667
CLFA3,AZ,36.864722222222,-111.5875
CLDI1,ID,47.27444,-116.1889
CLFW1,WA,46.900555555556,-121.01805555556
CLKC1,CA,39.0390283,-122.9132977
CLKM2,MD,39.231388888889,-77.256111111111
CLFN7,NC,36.457777777778,-81.560555555556
CLLU1,UT,40.89522527,-111.4018633
CLMM6,MS,31.237778,-89.846944
CLLC1,CA,34.179444444444,-119.03888888889
CLKW2,WV,39.23870156,-80.3589793
CLKM7,MO,39.373333333333,-90.904722222222
CLMM3,MA,42.626,-72.8541944444444
CLNP1,PA,40.716666666667,-79.581111111111
CLLP1,PA,40.0175,-79.593888888889
CLOV2,VA,37.3737,-79.9051
CLNT1,TN,35.3875,-87.986111111111
CLRU1,UT,38.81054095,-109.2934493
CLPV2,VA,38.350277777778,-77.975277777778
CLSM6,MS,31.7069,-89.4069
CLSC1,CA,39.338333333333,-122.02277777778
CLOC2,CO,38.33143056,-107.779225
CLSM2,MD,39.088333333333,-76.989722222222
CLNM2,MD,38.837,-76.2806
CLUC1,CA,39.2140566,-122.0002508
CLUM6,MS,33.5142,-88.3953
CLTT1,TN,35.5455,-84.04995
CLVV2,VA,36.944722222222,-82.155
CLTA2,AK,62.558611111111,-150.23388888889
CLYN7,NC,35.6472222222222,-78.4061111111111
CLYG1,GA,32.52855556,-81.2683333
CMDP1,PA,40.4544444444444,-79.3911111111111
CMDS1,SC,34.244444444444,-80.654166666667
CMGN6,NY,42.002222222222,-76.635
CMMI4,IA,41.780555555556,-90.251944444444
CMPN6,NY,42.2525,-77.216944444444
CMRC2,CO,38.25819444,-107.5461111
CNBC1,CA,41.40600116,-120.9277458
CMTL1,LA,30.5125,-91.073611111111
CMSM7,MO,38.680861,-91.773222
CMSN2,NV,40.992222,-117.316667
CNDN6,NY,42.8732222222222,-77.2726388888889
CNMP1,PA,40.4683333333333,-79.3677777777778
CNNI3,IN,37.89950088,-86.70554179
CNJN6,NY,42.876111111111,-74.603333333333
CNEA3,AZ,31.86555556,-110.57
CNNN6,NY,42.062777777778,-75.374722222222
CNON6,NY,42.218055555556,-75.848611111111
CNWN3,NH,43.9908,-71.0906
CNVT1,TN,35.784166666667,-87.46
COAU1,UT,37.67219924,-113.034672
CNTI3,IN,39.4975,-86.4005
COCN2,NV,39.7697777,-116.46444444
CNWS1,SC,33.832777777778,-79.044166666667
COCO3,OR,45.3792874,-122.5773134
COKW1,WA,46.466388888889,-122.10777777778
COEI1,ID,47.666111111111,-116.77055555556
COGL1,LA,32.0928,-91.5925
COGW2,WV,38.36594285,-80.6009232
COHN6,NY,42.7852777777778,-73.7080555555556
COLL1,LA,32.1668,-92.1126
COLO1,OH,39.9095084,-83.0090724
COMT2,TX,29.96523889,-98.8971667
COKW4,WY,42.1265,-110.97325
COLS1,SC,33.993055555556,-81.05
COLT1,TN,35.6180555555556,-87.0325
CONW1,WA,48.524444444444,-121.76972222222
COOV2,VA,38.636944444444,-78.853055555556
COMO2,OK,36.928611111111,-94.957222222222
COOA2,AK,60.49219269,-149.8099203
COTC1,CA,40.39820996,-122.1463869
CORO3,OR,44.566388888889,-123.25694444444
COPT2,TX,33.356388888889,-95.594722222222
COQO3,OR,43.15794167,-124.1817944
COTO3,OR,43.720833333333,-123.04861111111
CPNN6,NY,42.9182,-77.2328
CPHP1,PA,40.224722222222,-76.898333333333
CPGM7,MO,37.301944444444,-89.518055555556
CPFN7,NC,34.404444444444,-78.293611111111
CPPT2,TX,33.474722222222,-95.5875
CPNK2,KY,37.74535715,-84.5866074
CPSV2,VA,38.1575,-79.0743
CPTR1,RI,41.717,-71.343
CRCP1,PA,40.714166666667,-79.508333333333
CRDC1,CA,37.4319444444444,-121.012777777778
CRDU1,UT,41.18068056,-111.4004583
CRGA4,AR,36.401944444444,-90.541388888889
CREM6,MS,30.571388888889,-89.594722222222
CRKT1,TN,36.166667,-83.495556
CRHA2,AK,64.86,-146.80333333333
CREC1,CA,41.7914769,-124.0761515
CRKT2,TX,31.3383333333333,-95.6561111111111
CRKV2,VA,38.36785653,-78.42926505
CRLT1,TN,36.168,-83.5041
CRNA2,AK,63.006388888889,-141.80694444444
CRMV2,VA,38.045594,-79.65408
CRLK2,KY,38.117528,-83.532145
CRNN6,NY,42.146388888889,-77.057777777778
CRPW1,WA,46.93926375,-123.3143194
CRNW1,WA,47.666111111111,-121.92416666667
CRNZ1,WA,47.666111111111,-121.92416666667
CRUA2,AK,69.360555555556,-152.12166666667
CRSA2,AK,65.190555555556,-147.25416666667
CRSM2,MD,37.9783,-75.8636
CRTM7,MO,36.194722222222,-89.653611111111
CRTN6,NY,42.602777777778,-76.159722222222
CRVA2,AK,60.558333333333,-145.75333333333
CRZA3,AZ,33.9858809,-110.2809417
CRSW2,WV,38.3472222,-81.63638889
CSHC2,CO,40.2052,-105.8376
CSDI1,ID,44.52472222,-116.0461111
CSHO1,OH,40.248333333333,-81.873055555556
CSCA3,AZ,32.3511849,-111.0945447
CSRA2,AK,61.148888888889,-149.72944444444
CSHL1,LA,32.012777777778,-93.353055555556
CSHW1,WA,47.4238888888889,-123.219722222222
CSSC2,CO,39.568055555556,-106.41194444444
CTHT1,TN,36.2480555555556,-85.9552777777778
CTAW1,WA,46.730663,-122.953704
CTLI1,ID,47.5548,-116.3246
CTPN7,NC,35.521944,-82.848056
CUET2,TX,29.090277777778,-97.329444444444
CVCN2,NV,39.21657778,-114.5296389
CVEL1,LA,30.476388888889,-90.089444444444
CUSL1,LA,30.494444444444,-90.169444444444
CVPC1,CA,34.688888888889,-119.35694444444
CVGV2,VA,37.788611111111,-80.000833333333
CVLO2,OK,36.394722222222,-95.81
CWMO3,OR,42.741,-123.429
CWYO2,OK,36.104166666667,-94.783055555556
CWCC1,CA,40.50487467,-122.2330577
CWCM2,MD,39.669722222222,-78.788055555556
CWAC1,CA,40.38709797,-122.2386119
CWWA3,AZ,33.824166666667,-113.53333333333
CWOL1,LA,30.296944444444,-93.117777777778
CYBC1,CA,35.021944444444,-120.2275
CYNL1,LA,31.7246,-91.5443
CYCK2,KY,37.864722222222,-83.933611111111
CYTC1,CA,37.1682777,-121.6496677
CZRN6,NY,45,-73.501388888889
DABV2,VA,36.59727,-79.40405
DANP1,PA,40.958055555556,-76.619444444444
DARA4,AR,35.226111111111,-93.149444444444
DARM8,MT,45.97205,-114.141
DARL1,LA,30.8888888888889,-90.8444444444444
DAWM2,MD,39.128055555556,-77.335833333333
DAVN3,NH,43.2509,-71.7322
DBHA2,AK,59.0374,-158.462
DAYM5,MN,47.2527777777778,-93.8
DBDC2,CO,38.3569337,-108.8334347
DBQI4,IA,42.499444444444,-90.653055555556
DBNG1,GA,32.544444444444,-82.894722222222
DCBV2,VA,36.58987,-79.4126
DBVA3,AZ,34.728611111111,-111.775
DCDV2,VA,37.194314,-78.009122
DCOC1,CA,38.7892,-123.155803
DCKC2,CO,38.17776806,-107.7583927
DCMC1,CA,37.6566666666667,-120.923333333333
DCKN2,NV,36.090833333333,-115.02305555556
DCWC1,CA,39.02628325,-121.4371809
DCTM2,MD,39.3521111,-76.3594722
DCSC1,CA,39.2244444444444,-121.2675
DCTG1,GA,31.6544444444444,-81.8280555555556
DEDI1,ID,44.3111111111111,-115.648333333333
DDMN6,NY,43.274747,-75.427848
DECA1,AL,34.611388888889,-86.975277777778
DEFO1,OH,41.279166666667,-84.386666666667
DEKT2,TX,33.683888888889,-94.694166666667
DELC2,CO,38.75303944,-108.078403
DDHU1,UT,38.0941529,-110.4073639
DENL1,LA,30.4638888888889,-90.9902777777778
DEEO3,OR,43.219166667,-123.279166667
DEPC1,CA,33.631111,-116.391389
DEXO3,OR,43.945833333333,-122.83611111111
DETO3,OR,44.722061,-122.250058
DEVN2,NV,41.17875,-115.492575
DFCV2,VA,36.58672,-79.37891
DGGI1,ID,43.781369,-111.209069
DEWI4,IA,41.766944444444,-90.534722222222
DGTT1,TN,35.957778,-83.546389
DKCC1,CA,35.941666666667,-118.82194444444
DILA1,AL,30.25,-88.075
DICM1,ME,47.1130556,-69.0880556
DIBM6,MS,30.476111111111,-88.893611111111
DINA3,AZ,35.78069444,-110.9304167
DIRC2,CO,39.6038,-106.0116
DKHC1,CA,34.343055555556,-117.22555555556
DIXN2,NV,40.6849236,-115.8134002
DLBM1,ME,45.63235,-68.60704
DLGM8,MT,46.397777777778,-112.74194444444
DLMC1,CA,36.4504,-119.0284
DLDI4,IA,42.538611111111,-90.646388888889
DLLO3,OR,45.474722222222,-123.125
DLAM6,MS,31.97777,-89.8975
DLDA1,AL,32.520833333333,-87.88
DLTN3,NH,44.4101,-71.7206
DLYF1,FL,27.9019444444444,-82.3772222222222
DLYW2,WV,38.809275,-79.8817342
DOBC2,CO,38.310277777778,-108.88472222222
DNZM7,MO,36.621944444444,-90.8475
DOLU1,UT,38.79720805,-109.1951142
DOLC2,CO,37.47249296,-108.4975908
DNSM3,MA,42.66758945,-71.57506809
DOSC1,CA,39.7062356,-123.3252632
DONL1,LA,30.102777777778,-90.959166666667
DONO3,OR,42.791111111111,-118.86666666667
DOVM3,MA,42.256209,-71.2600558
DOVM1,ME,45.175,-69.3147222
DPGV2,VA,36.56157,-79.37488
DOTW1,WA,46.6173236,-123.277644
DORO3,OR,43.78595685,-122.9553524
DRBI1,ID,44.29194444,-115.6419444
DRMC2,CO,37.576936,-108.572594
DRIC1,CA,38.58741046,-122.8622159
DREI3,IN,39.3392,-85.9864
DRGC2,CO,37.2791688,-107.8803445
DRIV2,VA,36.5872,-79.38265
DSCA4,AR,34.976666666667,-91.4925
DROV2,VA,36.5784,-79.43138
DRRC2,CO,37.63888428,-108.0603517
DRKL1,LA,30.6847,-93.0436
DRTA2,AK,66.097222222222,-162.74055555556
DSHP1,PA,40.549166666667,-80.205833333333
DSNC1,CA,37.555,-120.463333
DSOK1,KS,38.983333,-94.964444
DSRW1,WA,46.852222222222,-122.6675
DTTM8,MT,47.930325,-111.552941666667
DTNO1,OH,39.765277777778,-84.1975
DUPT2,TX,28.661944444444,-96.965277777778
DUUA3,AZ,32.72444444,-109.0991667
DUKN7,NC,36.183333333333,-75.75
DUGT1,TN,35.96,-83.535
DURU1,UT,40.21027778,-109.7813889
DVLV2,VA,36.5625,-79.37
DURO2,OK,34.233427,-96.975845
DWYT2,TX,30.303611111111,-93.743611111111
DWRI1,ID,46.515,-116.29583333333
DYET1,TN,36.029722222222,-89.386944444444
EADM7,MO,38.628888888889,-90.179722222222
EAGN6,NY,42.938611111111,-73.376944444444
EAGI1,ID,43.6702777777778,-116.3075
EAMC1,CA,37.2738144,-121.974220515
EASW1,WA,47.238888888889,-121.17777777778
EASI1,ID,48.999166666667,-116.17972222222
ECAU1,UT,40.75966979,-111.5640912
EBSW1,WA,47.6,-122.34
ECCU1,UT,40.92244629,-111.6071504
ECDO3,OR,43.640833333333,-123.29833333333
EBKV1,VT,44.959034,-72.697429
EBZN6,NY,42.829722222222,-78.775277777778
ECPU1,UT,40.7238375,-111.5196438
ECWU1,UT,40.9677245,-111.437699
ECMA3,AZ,33.0645062,-109.4422978
EDFM2,MD,39.098611111111,-77.471111111111
EDOC1,CA,38.588888888889,-120.84388888889
EDEG1,GA,32.1901111,-81.4158611
EFDN7,NC,36.150833333333,-77.693055555556
EFRA1,AL,30.44369,-88.11392
EGCO3,OR,44.880555555556,-117.25277777778
EGLO3,OR,42.5248471,-122.8428203
EGLV2,VA,37.342724,-79.849097
EGLC2,CO,39.644611,-107.0780139
EKTO3,OR,43.5859502,-123.5553727
ELHC2,CO,40.59163879,-107.3208933
ELFA2,AK,58.193055555556,-136.34305555556
ELDO2,OK,35.921111111111,-94.838333333333
ELKN7,NC,36.240555555556,-80.849166666667
ELKO3,OR,42.6787364,-122.7419867
ELNC1,CA,37.1475,-120.6053
ELNO2,OK,35.563107,-97.95755
ELRP1,PA,41.963333333333,-78.386388888889
EMAT2,TX,28.71,-95.9138
ELYW2,WV,38.144722222222,-82.383888888889
ELWW1,WA,48.055,-123.58194444444
ELZW2,WV,39.0589686,-81.38956408
ELZV2,VA,36.8436,-76.3647
EMBT1,TN,36.17824965,-82.4551657
EMCM7,MO,37.15408,-91.35817
EMIU1,UT,40.75,-111.8125
ELZN7,NC,34.626666666667,-78.578333333333
EMMI1,ID,43.930555555556,-116.44166666667
EMMC2,CO,39.373333333333,-107.08333333333
ENMC2,CO,40.5146975,-106.9539407
ENBM6,MS,32.798888888889,-89.335
ENSM6,MS,32.1758,-88.8197
ENGO1,OH,39.87033349,-84.2860557
ENNA2,AK,64.565277777778,-149.09166666667
ENVI1,ID,47.5722,-116.2528
EOKI4,IA,40.3975,-91.374166666667
EPTT2,TX,29.48,-94.9183
EONN1,NE,42.43317,-98.599133
EPOV2,VA,36.69,-77.540833333333
EPRT2,TX,31.80319,-106.54131
ERBA2,AK,61.310277777778,-149.57694444444
ERNM8,MT,48.975,-110.42194444444
ESCU1,UT,37.77804389,-111.5746181
ESSC2,CO,40.3756,-105.4878
ESSV1,VT,44.478888888889,-73.139166666667
ESRC1,CA,35.717222222222,-120.63916666667
ESTO3,OR,45.300555555556,-122.35444444444
ESTN4,PA,40.694444444444,-75.203333333333
EUGO3,OR,44.0525,-123.0827778
ETTC1,CA,40.139278,-123.9913987
EVAW4,WY,41.2698611,-110.9636944
EVDA3,AZ,34.276388888889,-111.63805555556
EWFA3,AZ,33.822222222222,-109.81388888889
EVRM4,MI,43.8991863,-85.2553192
EVDT2,TX,30.355555555556,-94.093055555556
EWGC1,CA,35.653028,-120.508056
ETAM6,MS,34.4825,-89.224444444444
EVVI3,IN,37.972222222222,-87.576388888889
EWSN2,NV,38.813611111111,-119.04805555556
EZMV2,VA,36.862,-76.3095
EYAA2,AK,60.531111111111,-145.64444444444
FBFF1,FL,25.1421,-80.9221
FARC1,CA,39.42796385,-120.0340873
FALO3,OR,43.944444444444,-122.77361111111
FBFV2,VA,36.807361,-80.538831
FAVM2,MD,39.716388888889,-77.824722222222
FAYN7,NC,35.04722,-78.85805
FBNM8,MT,47.8169111111111,-110.666141666667
FBGM3,MA,42.57620079,-71.7881285
FBLC1,CA,39.045555555556,-121.61055555556
FCFM8,MT,48.495555555556,-114.12666666667
FCHW4,WY,42.0958,-110.41615
FCNU1,UT,39.77440566,-111.191006
FCSA3,AZ,34.394444444444,-111.63
FDFV2,VA,36.908535,-80.338996
FDTT1,TN,35.7875,-84.249722
FDBV2,VA,38.308333333333,-77.529444444444
FDKM2,MD,39.402777777778,-77.366111111111
FFDN3,NH,43.4705555555556,-71.6538888888889
FFMO1,OH,41.307831,-83.15881
FDYO1,OH,41.0558333333333,-83.6880555555556
FFTK2,KY,38.2113333,-84.8741111
FELA4,AR,33.03207,-92.08764
FFXW1,WA,47.028055555556,-122.03138888889
FGCV2,VA,37.093861,-80.207277
FISM8,MT,48.355555555556,-115.31388888889
FISC2,CO,40.475,-106.78638888889
FGLV2,VA,36.956861,-80.351061
FKLW2,WV,38.635555555556,-79.338055555556
FKNO1,OH,39.563055555556,-84.305
FLDT1,TN,35.790556,-84.24
FLAV2,VA,37.234444444444,-82.343611111111
FLMK2,KY,38.67823,-84.32804
FLFV2,VA,36.979639,-80.178189
FLLN6,NY,42.453333333333,-76.473055555556
FLCN7,NC,35.429167,-82.5525
FLGW4,WY,44.09895,-110.6675
FLRK2,KY,38.171111111111,-82.634722222222
FLOA1,AL,34.7869444444444,-87.67
FLSA2,AK,56.6817,-132.9235
FLSL1,LA,30.615833333333,-90.248611111111
FLTA4,AR,33.6073,-93.8138
FLTI2,IL,41.894444444444,-90.156666666667
FMHV2,VA,38.8863,-77.1635
FMKA2,AK,64.076111111111,-141.63055555556
FMRA2,AK,64.309166666667,-141.40222222222
FMMA2,AK,64.066111111111,-141.99722222222
FMWA2,AK,63.889444444444,-142.23222222222
FNNO3,OR,45.488111111111,-122.7349
FOGG1,GA,31.623333333333,-85.063888888889
FOSN7,NC,36.173611111111,-81.745
FODK2,KY,37.89396779,-84.26048609
FPHT1,TN,36.4980555555556,-82.5086111111111
FPKG1,GA,32.03468,-80.903029
FOSO3,OR,44.414753,-122.670225
FPST2,TX,28.935,-95.295
FMWC1,CA,38.759444444444,-121.66638888889
FOXR1,RI,41.8067,-71.4006
FPTC2,CO,39.34470844,-106.6736455
FRAT1,TN,35.92084908,-86.86548879
FRAW4,WY,43.02706,-109.77357
FREN4,NJ,40.526111111111,-75.065
FREU1,UT,38.3069248,-111.5187917
FRGC2,CO,40.097,-105.972
FRJN3,NH,43.4229,-71.6529
FRKP1,PA,41.389444444444,-79.820555555556
FRMN5,NM,36.723055555556,-108.22555555556
FRMV2,VA,37.306944444444,-78.388888888889
FRNL1,LA,30.8427777777778,-90.1619444444444
FRRU1,UT,39.10413724,-111.2165589
FRNO3,OR,44.123611111111,-123.29972222222
FRVC2,CO,37.382502,-107.6628383
FRMO3,OR,45.449444444444,-122.95027777778
FRNC1,CA,40.61583333,-124.2016667
FROV2,VA,38.913888888889,-78.211111111111
FRWC2,CO,39.9,-105.7761
FSNC1,CA,32.765,-117.16777777778
FRYW1,WA,48.9813,-118.7664
FSSO3,OR,45.703611111111,-123.755
FSKM7,MO,36.790277777778,-90.200833333333
FRVM3,MA,41.7043,-71.1641
FSHN6,NY,41.973,-75.1744
FRWL1,LA,29.555,-92.304722222222
FTCN2,NV,39.291666666667,-119.31111111111
FTDC1,CA,41.8806419,-124.1364325
FTCN6,NY,44.9894444444444,-74.4961111111111
FTEN6,NY,43.269444444444,-73.596388888889
FTBC1,CA,39.42818069,-123.7377695
FTMV2,VA,37.001944444444,-76.315
FTJC1,CA,41.64069017,-123.015037
FTRK1,KS,39.061666666667,-96.766111111111
FTKM1,ME,47.2833333,-68.58527778
FULM6,MS,34.265,-88.445277777778
FTSC1,CA,40.21816919,-123.6325017
GAKA2,AK,62.301388888889,-145.30722222222
FYTT1,TN,35.1344444444444,-86.5397222222222
FTWI3,IN,41.0825,-85.115277777778
GALW2,WV,38.680277777778,-82.1875
GALS1,SC,34.056944444444,-79.247222222222
GADS1,SC,33.8105555555556,-80.8672222222222
GASO3,OR,45.4387,-123.1412
GARW1,WA,47.4151086,-121.5873213
GARC1,CA,34.89386807,-120.3065463
GBCT2,TX,29.697777777778,-98.106388888889
FWNN2,NV,36.143055555556,-115.06472222222
GACC1,CA,38.799561,-123.171408
GATU1,UT,41.1368878,-111.8324384
GBDA2,AK,64.450555555556,-144.94222222222
GATN1,NE,41.662986,-99.635597
GBRN6,NY,42.397222222222,-74.450833333333
GBTC1,CA,34.524444,-119.686389
GBYC2,CO,40.156,-105.84
GATV2,VA,36.608611111111,-82.568055555556
GBFW4,WY,42.02097,-110.04981
GAYC3,CT,41.653055555556,-73.490277777778
GAXV2,VA,36.647222222222,-80.979166666667
GCOC2,CO,39.5549819,-107.337554
GCPW2,WV,39.582222222222,-78.31
GCSA2,AK,62.767777777778,-149.69111111111
GBTW2,WV,37.5991666666667,-81.8202777777778
GDHM6,MS,32.66722,-89.64611
GDVN6,NY,42.854722222222,-78.755277777778
GCDW1,WA,47.955555555556,-118.98388888889
GCGA2,AK,60.961666666667,-149.13138888889
GDTA3,AZ,32.8822686,-113.541306
GEPC2,CO,38.52915336,-107.648947
GEYC1,CA,38.71268685,-122.8958295
GFFN3,NH,43.01675,-71.5511
GCVF1,FL,29.981388888889,-81.634166666667
GENW3,WI,43.5688,-91.2304
GEOV1,VT,44.679166666667,-73.073055555556
GERT1,TN,35.116388888889,-89.801388888889
GEEM6,MS,33.28711,-91.15393
GEOA4,AR,35.128888888889,-91.449722222222
GERO1,OH,39.637777777778,-84.403888888889
GILN5,NM,33.0615,-108.53739
GILN6,NY,42.355833333333,-74.445
GGYM7,MO,40.27926944,-91.49593611
GHHT1,TN,35.726,-83.5129
GLDN7,NC,35.3375,-77.9975
GLBW1,WA,47.8373546,-121.6667809
GHBM3,MA,42.0824,-70.6463
GLDI2,IL,40.881388888889,-91.0225
GLNM2,MD,39.256111111111,-77.051111111111
GIBO3,OR,45.71957668,-118.3232913
GIDA3,AZ,32.7608789,-114.4205019
GLEV2,VA,37.365923,-79.817972
GLCA3,AZ,33.18561278,-110.2200903
GLCM3,MA,42.610277777778,-70.660555555556
GLHA3,AZ,32.8827222,-109.4796056
GLEW2,WV,38.9329722,-80.8382222
GLML1,LA,30.995833333333,-92.673611111111
GJNC2,CO,38.98331575,-108.4506446
GLFM6,MS,30.3933333333333,-89.2063888888889
GLKA3,AZ,33.1028404,-110.9765014
GLGM8,MT,45.497222222222,-111.27083333333
GLTA2,AK,64.5399,-163.0341
GLNM7,MO,36.805277777778,-93.461666666667
GLOO2,OK,34.0975,-94.901944444444
GNJT2,TX,29.3583,-94.725
GNEN6,NY,42.324444444444,-75.771666666667
GLZM7,MO,39.222222,-92.848611
GMNM2,MD,39.198888888889,-77.275277777778
GMRC2,CO,39.854,-106.2427
GNLT2,TX,29.484302,-97.44754
GNSA1,AL,32.852222222222,-88.154166666667
GNVN6,NY,42.868,-76.941
GNUK2,KY,38.6466666666667,-82.8605555555555
GOLI2,IL,37.357777777778,-88.4825
GORC2,CO,39.60943048,-106.447808
GOFN3,NH,42.9481,-71.4634
GORW1,WA,48.671944,-121.246666
GOSO3,OR,43.980555555556,-122.96527777778
GRAO3,OR,42.43039607,-123.3178365
GOWN6,NY,42.463888888889,-78.935277777778
GPRO3,OR,44.45,-122.549
GPSC2,CO,39.64942954,-106.9536554
GRAK2,KY,38.25258184,-82.985447
GPOA2,AK,62.858333333333,-145.61666666667
GRCC1,CA,38.9036111,-123.6077778
GRBN6,NY,43.01,-77.7913888888889
GREL1,LA,31.81822,-93.08489
GRCA3,AZ,34.56307975,-112.4448909
GRAP1,PA,40.229444444444,-75.451944444444
GRDN6,NY,41.686111111111,-74.165555555556
GRFI2,IL,38.968055555556,-90.428888888889
GREM6,MS,33.52254,-90.18083
GRDN2,NV,38.84519444,-119.7060833
GREW4,WY,43.14306,-110.97694
GRLK2,KY,37.247777777778,-85.34
GRNM1,ME,45.7313,-68.5893
GRMN3,NH,44.4358333,-71.1903
GRIC1,CA,39.3665551,-121.6471932
GRMA3,AZ,33.168661,-112.0073648
GRIT2,TX,30.5719444444444,-94.9486111111111
GRSA2,AK,62.520833333333,-145.53083333333
GRRT2,TX,29.3016,-94.8966
GRVC2,CO,39.641111111111,-106.39416666667
GRTW2,WV,38.9217307,-81.0947567
GRVU1,UT,38.98608,-110.151247
GRRW4,WY,41.5161,-109.44925
GSRC1,CA,38.70907868,-123.4266753
GSLS1,SC,34.84234,-82.480681
GSVO3,OR,42.8487314,-123.1789493
GTBM3,MA,42.231944444444,-73.355277777778
GRZU1,UT,40.90829296,-109.422914
GSVT2,TX,33.727883,-97.160013
GTOT2,TX,29.31,-94.7933
GTTI4,IA,42.784,-91.0948
GUDC1,CA,37.2808,-121.8802
GTND2,DC,38.9033611,-77.0676667
GVAC1,CA,36.797778,-120.16
GUEC1,CA,38.49935758,-122.9983325
GVDA1,AL,34.421388888889,-86.393888888889
GULA2,AK,62.268888888889,-145.38055555556
GUSC2,CO,38.54193567,-106.9497661
GVHA1,AL,34.4217,-86.3927
GWSC2,CO,39.54666667,-107.3308333
GVVN6,NY,43.4638888888889,-73.2847222222222
GVZW4,WY,43.55776,-110.76308
GYLP1,PA,39.825,-79.923055555556
GYRC1,CA,39.5248937,-120.9380068
HADT1,TN,35.168187,-84.297994
HAGW1,WA,47.65267,-117.44966
GYNK2,KY,38.329166666667,-82.937222222222
HAKT2,TX,32.559722222222,-95.206388888889
HALI1,ID,43.517158,-114.321483
HAHW1,WA,47.283888888889,-121.79666666667
HAMO1,OH,39.391111111111,-84.572222222222
HAMA3,AZ,33.88503188,-112.6621198
HAIV2,VA,37.20705367,-82.2956933
HAMC1,CA,39.750833333333,-121.99777777778
HARP1,PA,40.254722222222,-76.886388888889
HARI2,IL,39.160277777778,-90.615277777778
HANO1,OH,39.667222222222,-80.866111111111
HAPC1,CA,41.83512325,-123.3831113
HATU1,UT,37.65109086,-112.4302069
HAVI2,IL,40.293152,-90.069412
HARO3,OR,44.27040126,-123.1737036
HAWN7,NC,36.087,-79.366
HATM6,MS,31.3431,-89.2803
HBGM6,MS,31.4258,-89.4147
HBMN2,NV,40.667777777778,-116.93027777778
HCDI1,ID,45.2544444,-116.6969444
HCHC1,CA,38.95767446,-122.3427535
HCGN7,NC,35.208055555556,-75.703055555556
HBYC1,CA,40.766944444444,-124.21694444444
HBRV2,VA,37.66652,-75.83017
HDYA4,AR,36.313611111111,-91.482777777778
HDGM2,MD,39.537777777778,-76.089722222222
HCFV2,VA,38.9143,-78.1857
HCKN2,NV,39.869,-116.1669444
HCRO3,OR,43.709575,-122.421111
HEAC1,CA,38.61324216,-122.8363818
HEEA4,AR,34.515833333333,-90.584166666667
HDLN6,NY,43.311388888889,-73.867777777778
HCTC1,CA,39.368333333333,-121.37166666667
HENN3,NH,43.1520237,-71.85730149
HERP1,PA,40.298333333333,-76.668055555556
HEUN6,NY,44.599444444444,-75.379166666667
HEII1,ID,43.612425,-111.659811
HGBN6,NY,44.973888888889,-74.665555555556
HFEW2,WV,39.323611111111,-77.728888888889
HDYN6,NY,43.3188888888889,-73.8447222222222
HHCC1,CA,35.58375,-120.55444
HIBK2,KY,37.8292447,-84.723835
HFDC3,CT,41.7690944444444,-72.66755
HHDW1,WA,47.2770478,-121.7853845
HIST2,TX,29.5947,-94.3902
HFMW4,WY,41.00452778,-109.6675556
HGSP1,PA,40.252222222222,-77.021111111111
HKCC1,CA,39.7680555555556,-121.776944444444
HIKN6,NY,43.311388888889,-75.108333333333
HIWN7,NC,35.150797,-84.178608
HINW2,WV,37.670277777778,-80.892777777778
HKMK2,KY,36.56965,-89.20571
HLDK2,KY,37.553055555556,-83.769166666667
HLST1,TN,35.929444444444,-89.389722222222
HLKW1,WA,47.124166666667,-120.73916666667
HMLT1,TN,35.93006336,-87.7430786
HMFW4,WY,42.11089,-110.70942
HLWM8,MT,46.4288,-109.8411944
HLEN6,NY,42.003055555556,-75.383888888889
HLHN7,NC,33.9159,-78.2694
HLZU1,UT,41.632222222222,-111.87833333333
HNKM2,MD,39.6975,-78.177777777778
HNRA2,AK,63.854166666667,-148.95555555556
HNNM7,MO,39.7207,-91.362389
HNTT2,TX,30.069722222222,-99.321388888889
HNTW2,WV,38.41341549,-82.500434
HNYN6,NY,42.9572222,-77.58888889
HNYI2,IL,41.107278,-89.356222
HNKN2,NV,41.4777861,-115.286639
HODO3,OR,45.654722222222,-121.54888888889
HOPC1,CA,39.0265265,-123.1305253
HOLL1,LA,30.503611111111,-90.677222222222
HOUC1,CA,39.1654458,-122.6199862
HOPW1,WA,46.75848,-118.14885
HOSC1,CA,36.81675,-121.3926806
HOPN6,NY,43.353472,-74.268472
HPDT2,TX,30.128888888889,-96.1875
HOYN2,NV,38.728055555556,-119.42777777778
HOPI1,ID,48.276388888889,-116.34638888889
HOTI1,ID,42.771111111111,-115.71944444444
HOOC1,CA,41.0498236,-123.6736278
HOPR1,RI,41.49815516,-71.7164561
HPMV2,VA,37.564417,-79.247842
HPMN3,NH,42.900277777778,-70.818611111111
HPIC1,CA,37.73131496,-119.5590514
HRDN2,NV,40.7055556,-116.53
HREN2,NV,40.936556,-115.624167
HRFV2,VA,38.54180703,-78.24383037
HRKV2,VA,37.501111111111,-79.262777777778
HRMU1,UT,41.6235452,-111.7388286
HRNM7,MO,38.709722222222,-91.438611111111
HRSN2,NV,40.11555556,-116.4866944
HSTM5,MN,44.756944444444,-92.866111111111
HRIN2,NV,40.6924,-118.2043
HSSW1,OR,45.836666666667,-122.46611111111
HRTG1,GA,34.3573,-82.8224
HRPV2,VA,38.532288,-78.120144
HSBF1,FL,29.437,-83.293
HRSI1,ID,43.9433333,-116.1966667
HSTA3,AZ,33.34726408,-112.7257259
HURU1,UT,37.16276007,-113.3952285
HTSC2,CO,40.0833,-106.0875
HTVP1,PA,40.4025,-76.5775
HUJP1,PA,40.484722222222,-78.019166666667
HWBM1,ME,46.7836,-67.9891
HUNI3,IN,40.846111111111,-85.468611111111
HVDN6,NY,42.024722222222,-75.120277777778
HVLN6,NY,44.1855555555556,-75.3311111111111
HYAM2,MD,39.275277777778,-77.303611111111
HYMC1,CA,40.64983089,-123.4941718
HWYP1,PA,41.476111111111,-75.1725
HWRI1,ID,43.9984,-114.020956
IIFC1,CA,40.0563888888889,-120.961666666667
ICYN6,NY,42.445833333333,-76.5125
IHDM2,MD,38.60095185,-77.1819244
ILRA2,AK,59.7579499,-153.8468866
ILNI2,IL,41.425555555556,-91.012777777778
IDXA3,AZ,33.440277777778,-111.91444444444
ILTP1,PA,41.018611111111,-76.865277777778
IMNO3,OR,45.5623784,-116.8343178
INDM3,MA,42.16064906,-72.5139756
IMBA4,AR,36.205277777778,-91.171944444444
IPDI1,ID,44.419641,-111.39801
INDO1,OH,41.395277777778,-81.62985
INDI3,IN,39.73714,-86.16969
IOLK1,KS,37.9222,-95.4275
INOO2,OK,36.164722222222,-95.618888888889
IRGC1,CA,41.92791865,-122.4441882
IOWI4,IA,41.6566832,-91.5410017
IRCT1,TN,35.024153,-87.579021
IRVA2,AK,57.0533333333333,-135.314444444444
ISLI1,ID,44.416389,-111.395278
ITKA2,AK,57.051666666667,-135.34166666667
ISVO1,OH,39.944166666667,-82.491388888889
ISSW1,WA,47.5525,-122.04666666667
ISKQ2,AK,56.738888888889,-131.67361111111
JACM6,MS,32.28138,-90.17888
JAMC1,CA,36.6525,-120.180278
JACW2,WV,39.0036111111111,-80.4741666666667
JAMM7,MO,37.00667,-93.36472
JASO3,OR,43.998611111111,-122.90555555556
JBCO2,OK,36.3552777777778,-94.7761111111111
JEFT2,TX,32.777777777778,-94.357222222222
JCYC3,CT,41.597777777778,-71.984722222222
JFFT2,TX,32.712777777778,-94.345833333333
JESU1,UT,40.40940757,-109.2354043
JFET2,TX,32.749444444444,-94.498611111111
JEFN7,NC,36.421666666667,-81.495833333333
JFFM7,MO,38.587111111111,-92.17863889
JFTM2,MD,39.2842,-76.6036
JHNO3,OR,44.41848897,-118.9063419
JFFO3,OR,44.714722222222,-123.01416666667
JKNK2,KY,37.551383,-83.384725
JKSW4,WY,43.37222,-110.73861
JKNT1,TN,35.6175,-88.852222222222
JNEA2,AK,58.298333333333,-134.41166666667
JMPN7,NC,34.213404,-77.786688
JONV1,VT,44.622777777778,-72.676666666667
JNEL1,LA,31.4828,-91.8604
JOPM7,MO,37.02058,-94.51375
JNSC1,CA,39.2922222222222,-121.103611111111
JRDA2,AK,58.363888888889,-134.57972222222
JORA2,AK,60.094722222222,-152.91055555556
JOSI2,IL,41.556111111111,-90.185277777778
JNSV2,VA,36.661944444444,-83.095
JORU1,UT,40.4649,-111.5616
JSNM6,MS,32.3978,-90.0647
JSPT2,TX,31.06075,-94.106025
JSFV2,VA,37.220139,-76.791453
JRSU1,UT,40.73355737,-111.9232703
JSPC1,CA,35.234444444444,-120.66666666667
JRSP1,PA,41.202222222222,-77.251388888889
KALO1,OH,40.990278,-84.226667
JUDA4,AR,35.267777777778,-91.639444444444
KARP1,PA,41.1175,-78.109166666667
KASN6,NY,43.068888888889,-74.988611111111
KCCN2,NV,39.2125,-117.1125
KANW2,WV,38.1380555555556,-81.2144444444444
KBDM8,MT,48.400833333333,-115.31972222222
KCYC1,CA,36.26802087,-121.066303
KCVC1,CA,38.9273642,-122.8435719
KDAA2,AK,57.73028,-152.51389
KENL1,LA,30.9375,-90.4902777777778
KDRL1,LA,30.5025,-92.915555555556
KERM8,MT,47.69691,-114.161
KEOO3,OR,42.133333333333,-121.9611111
KEQI4,IA,40.727777777778,-91.959444444444
KECA2,AK,55.333055555556,-131.625
KCDM7,MO,39.111722,-94.588139
KELW1,WA,46.1425,-122.91611111111
KHBI2,IL,41.106111111111,-90.959444444444
KIDN2,NV,36.1005555555556,-114.943333333333
KGPC1,CA,36.8089,-118.7781
KGTT1,TN,35.856944444444,-84.529166666667
KEYA2,AK,60.481388888889,-150.62611111111
KGCA2,AK,55.05989,-162.32611
KILO1,OH,40.481454,-81.98598
KIPA2,AK,59.939,-164.0371
KIAA2,AK,66.973611111111,-160.13083333333
KKVC1,CA,35.945,-118.47694444444
KITM2,MD,39.393888888889,-79.181666666667
KLCA2,AK,62.051944444444,-156.21055555556
KLMW1,WA,45.9833,-122.835
KLQK1,KS,39.0461,-94.7894
KITO1,OH,41.156944444444,-81.071944444444
KIOW1,WA,46.25346748,-119.4780794
KINS1,SC,33.661111111111,-79.836111111111
KLMC1,CA,41.51092575,-123.9794772
KIRO1,OH,41.156723,-81.07954
KLNM6,MS,30.387222222222,-89.441388888889
KNOT1,TN,35.945833333333,-83.946666666667
KNKA2,AK,61.5044605,-149.032765
KLUA2,AK,61.952222222222,-145.30694444444
KNSO2,OK,36.186388888889,-94.706666666667
KOUT2,TX,30.397777777778,-94.263333333333
KPTN6,NY,40.811342,-73.765711
KRBO3,OR,42.23177936,-123.66368
KPTV2,VA,37.165,-75.9883333
KRRT2,TX,30.053055555556,-99.163055555556
KRMC2,CO,40.0367,-106.44
KRHA2,AK,66.045555555556,-154.26166666667
KRVC1,CA,35.754444444444,-118.42333333333
KSCM6,MS,33.032222222222,-89.577777777778
KRKA2,AK,60.491111111111,-150.63055555556
KTFW1,WA,48.59435,-118.06249
KRZL1,LA,30.568888888889,-91.761388888889
KUPA2,AK,70.283055555556,-148.96083333333
KTTP1,PA,40.820277777778,-79.531666666667
KWGA2,AK,59.8798,-163.1663
KYDK2,KY,37.013611111111,-88.268333333333
KYTK2,KY,37.0178,-88.27
LACW3,WI,43.8136,-91.2589
KVTA2,AK,67.73,-164.59194444444
KZTA2,AK,66.895,-162.56638888889
LABW4,WY,42.19265,-110.16305
LAFI3,IN,40.4219,-86.8969
LBKC1,CA,35.088055555556,-120.50888888889
LAUW1,WA,48.98434,-118.2164
LBVC1,CA,35.103611111111,-120.58138888889
LBFT2,TX,30.020806,-98.330556
LBRN7,NC,34.633611111111,-79.037777777778
LCCA3,AZ,35.926388888889,-111.56666666667
LBYT2,TX,30.0575,-94.8180555555556
LCCC2,CO,37.44610459,-108.4692562
LBVT1,TN,35.811842,-87.77875
LCCV2,VA,38.146,-79.0754
LBXN7,NC,36.542853,-81.021117
LCJA3,AZ,34.901111111111,-110.25472222222
LCHL1,LA,30.253611111111,-93.218055555556
LCLA3,AZ,34.31448635,-109.362315
LCMV2,VA,38.1481,-79.0713
LCOL1,LA,32.697777777778,-93.957777777778
LCPN7,NC,35.838888888889,-78.782222222222
LCLL1,LA,30.223611111111,-93.221666666667
LCJU1,UT,40.66430556,-111.898861
LCLN2,NV,40.690833333333,-115.47611111111
LCPK1,KS,39.051111111111,-95.386111111111
LCRA4,AR,35.820833333333,-90.4325
LCRM5,MN,43.8646,-91.3078
LCNM3,MA,42.6367581,-71.3020047
LCRL1,LA,30.294166666667,-93.262777777778
LCSN6,NY,42.89,-78.645277777778
LDBL1,LA,32.71329,-92.34076
LCWU1,UT,40.614444444444,-111.84305555556
LCTN2,NV,38.84715919,-115.367526
LCWA3,AZ,35.011666666667,-110.65055555556
LCTU1,UT,40.577777777778,-111.79722222222
LEGC1,CA,39.8745957,-123.7205775
LECI4,IA,41.574444444444,-90.403055555556
LEKM6,MS,31.148611111111,-88.548055555556
LDVN6,NY,41.867222222222,-75.214166666667
LDOT2,TX,27.5018333333333,-99.502966666667
LEAO1,OH,41.239166666667,-80.880833333333
LEEV2,VA,39.019444444444,-77.577777777778
LDYN6,NY,42.028611111111,-77.1325
LERI1,ID,44.94,-113.63777777778
LGCC1,CA,36.21467719,-120.4707116
LESA3,AZ,31.5900961,-109.5089559
LGAC1,CA,36.166944444444,-120.20888888889
LGBN7,NC,34.2552,-77.9267
LEOI1,ID,48.6168,-116.0492
LFBC2,CO,37.984361,-107.292097
LGDW1,WA,46.6575,-117.4311
LFGC2,CO,38.2988888888889,-107.229444444444
LGNU1,UT,41.74326439,-111.78272
LGRT2,TX,29.912428,-96.896993
LGRM7,MO,40.039715,-91.497402
LGNO3,OR,45.354444444444,-118.19138888889
LGXC1,CA,35.26,-120.68222222222
LHBA3,AZ,34.897777777778,-110.1625
LHNV2,VA,36.906611,-76.095583
LHDP1,PA,40.45888889,-79.4494444
LGSW1,WA,46.583,-118.0327
LHTP1,PA,40.829166666667,-75.705555555556
LITA4,AR,34.749722222222,-92.269166666667
LHVP1,PA,41.1380555555556,-77.4422222222222
LILC2,CO,40.54901667,-108.4243222
LITW2,WV,37.4797778,-81.8383056
LIVM8,MT,45.597211,-110.566497
LKCM5,MN,44.4667,-92.2639
LIRV2,VA,37.77374,-79.78449
LHPN2,NV,41.4158222222,-117.373511111
LITV2,VA,37.4517,-79.7835
LLYC1,CA,34.543611111111,-119.86388888889
LLGT2,TX,29.666111111111,-97.650555555556
LLKW1,WA,47.836666666667,-117.83833333333
LLLN7,NC,35.406111111111,-78.813333333333
LNDW1,WA,47.393888888889,-121.95333333333
LOCC1,CA,39.4394444444444,-121.058055555556
LNCP1,PA,40.05,-76.2775
LMGM6,MS,34.180555555556,-90.215277777778
LMNN2,NV,39.01167,-114.2136
LOCI1,ID,46.15083,-115.5872222
LOGM6,MS,33.975833333333,-90.257777777778
LNGP1,PA,40.173888888889,-74.957222222222
LOPO3,OR,43.9166666666667,-122.766666666667
LNSI4,IA,43.3603,-91.2131
LOPW1,WA,46.105555555556,-122.95388888889
LOBO3,OR,44.2480555555556,-123.635277777778
LOSO3,OR,42.6709595,-122.674762
LONO3,OR,43.641666666667,-123.08472222222
LOGM8,MT,45.8853555555555,-111.438286111111
LPFN5,NM,36.7375,-108.25027777778
LODN4,NJ,40.8902777777778,-74.0808333333333
LOYP1,PA,41.325,-76.9127777777778
LOCO1,OH,40.21449409,-84.2441116
LPHC2,CO,37.28972246,-108.0406277
LPSC2,CO,36.999722222222,-108.18805555556
LOGW2,WV,37.84232616,-81.9759574
LPVC2,CO,37.360153,-107.597762
LOWM3,MA,42.64592464,-71.2983937
LPBV2,VA,36.59245,-81.050005
LOWN7,NC,35.285278,-81.101111
LPOL1,LA,30.9305555555556,-90.6733333333333
LPTT2,TX,32.053333333333,-95.436666666667
LPTK2,KY,38.43895654,-84.9632844
LPHW4,WY,42.85102,-108.6124
LRNV2,VA,37.277944,-79.937556
LRYC1,CA,37.164167,-121.977222
LRWW1,WA,45.9056,-122.7383
LRZC1,CA,37.68548644,-122.064407
LRYA1,AL,31.486831,-87.908865
LSBC1,CA,38.474781,-121.588226
LSLI2,IL,41.323611111111,-89.110833333333
LSCN7,NC,34.2411,-78.0336
LSDW1,WA,47.78461,-117.40438
LSHA2,AK,61.626666666667,-149.80083333333
LSDW4,WY,41.028528,-107.548861
LSMO3,OR,44.7916666666667,-122.577777777778
LSOA2,AK,61.709722222222,-149.23194444444
LSRC2,CO,40.99941048,-107.143388
LSTO3,OR,45.438889,-117.426389
LSUA2,AK,61.710277777778,-149.22972222222
LTAW4,WY,41.54607,-109.69347
LTLN6,NY,43.014722222222,-74.779444444444
LTFN4,NJ,40.884722222222,-74.226111111111
LULT2,TX,29.6996,-97.6036
LUSM7,MO,39.4525,-91.046666666667
LUKM2,MD,39.478888888889,-79.063888888889
LUIT2,TX,29.095,-95.1133
LUCI1,ID,43.52555556,-116.0552778
LURM6,MS,31.6808,-89.1155
LWDC1,CA,35.89663404,-121.0882491
LWBP1,PA,40.96758498,-76.8763543
LVWC1,CA,35.305833333333,-120.81166666667
LVRN6,NY,43.100277777778,-76.209444444444
LWCN2,NV,36.1397,-115.0469
LWSD1,DE,38.7833,-75.12
LWTV2,VA,37.995,-76.465
LWWW1,WA,45.764828,-121.630335
LWVP1,PA,41.996666666667,-77.140277777778
LXHC2,CO,37.99055556,-103.5319444
LYDM8,MT,48.4772222222222,-115.313055555556
LYMM6,MS,30.4883333333333,-89.0358333333333
LYMC3,CT,41.3125,-72.346388888889
LWSP1,PA,40.594444444444,-77.582777777778
LYLP1,PA,40.456944444444,-79.451944444444
LYNW3,WI,43.2106,-91.101
LYTI3,IN,40.440555555556,-86.829166666667
LYWV2,VA,38.3225,-78.755
MACA2,AK,63.119444444444,-146.52083333333
MADO3,OR,43.784722222222,-118.33055555556
MAGL1,LA,30.534722222222,-90.980555555556
MACG1,GA,32.838611111111,-83.620555555556
MAKI1,ID,43.939061,-113.648483
MARN7,NC,35.786389,-82.660833
MATA2,AK,61.60862507,-149.0730639
MAWN4,NJ,41.0975,-74.1633333333333
MAUC1,CA,40.2848216,-123.3352727
MASN2,NV,38.92125,-119.191583
MASM1,ME,46.5230556,-68.3716667
MAXP1,PA,40.001666666667,-79.961111111111
MAYM3,MA,42.432038,-71.4497848
MARN2,NV,41.53472222222,-117.416944444
MBET2,TX,28.4217,-96.3267
MAYW1,WA,46.510555555556,-122.615
MATM1,ME,45.5011111,-68.3058333
MBFT2,TX,29.9418847,-94.774366
MBGW2,WV,39.423611111111,-77.938888888889
MBLC2,CO,40.50274666,-108.0334152
MBWC2,CO,40.1086,-106.4133
MCAU1,UT,39.7216289,-111.1612827
MBRC1,CA,34.9069,-117.0219
MCDA2,AK,64.800833333333,-147.22777777778
MCBU1,UT,37.2189,-109.180411
MCAA2,AK,58.3978,-134.6089
MCCC2,CO,38.9883227,-107.3483853
MCEC2,CO,37.324166666667,-109.00944444444
MCBT1,TN,35.8533,-83.5398
MCCO1,OH,39.64846,-81.85801
MCGI4,IA,43.027,-91.1726
MCGL1,LA,29.696388888889,-91.210833333333
MCGA1,AL,30.6483,-88.0583
MCGA2,AK,62.9521517,-155.5887347
MCIT1,TN,35.93,-83.5966
MCNC1,CA,38.3575,-121.34361111111
MCKN6,NY,43.6102777777778,-75.1105555555555
MCPN4,NJ,41.018333333333,-74.401111111111
MCLM6,MS,31.107414,-88.80833333
MCKO3,OR,45.609444444444,-118.79861111111
MCMU1,UT,38.4830555555556,-109.403333333333
MCNM6,MS,33.072361,-88.558778
MCMO3,OR,45.2069444,-123.1816667
MCLU1,UT,40.68803889,-111.5337194
MCSU1,UT,38.4858,-109.411
MCPU1,UT,38.5732,-109.5672
MCYP1,PA,41.205555555556,-76.801388888889
MCXI3,IN,40.656666666667,-86.752777777778
MCRI2,IL,38.3983,-87.7564
MDBV1,VT,44.013055555556,-73.168333333333
MCZO3,OR,44.069849,-122.771187
MDCC2,CO,38.94065,-107.3565111
MDCU1,UT,38.9910556,-111.253886
MDCN2,NV,41.9666667,-117.8308333
MDLM2,MD,39.427222222222,-77.556111111111
MDSC1,CA,37.6271,-120.9843
MEAP1,PA,41.697278,-80.10145
MEHO3,OR,44.789166666667,-122.61861111111
MELO1,OH,38.797111,-84.171139
MDVG1,GA,32.81469444,-82.235
MDTO1,OH,39.52,-84.412777777778
MEMT1,TN,35.123055555556,-90.0775
MEDP1,PA,41.6325,-80.159722222222
MEEC1,CA,37.3092,-120.4456
MERW1,WA,45.9519444444444,-122.562777777778
MFAC1,CA,39.0061111111111,-120.759722222222
MFDO3,OR,42.32401547,-122.8667057
MERM1,ME,44.7081,-69.9375
MFDN3,NH,42.8426,-71.7067
MFKA2,AK,67.438333333333,-150.075
MFDP1,PA,41.7969444444444,-77.0805555555556
MFNW1,WA,48.779444444444,-122.10527777778
MFPC1,CA,39.0252762,-120.594444
MFSO3,OR,43.7208333333333,-122.4375
MGYP1,PA,40.647222222222,-80.388888888889
MGMA1,AL,32.392236,-86.315406
MGPT2,TX,29.6817,-94.985
MHDC3,CT,41.5417656,-72.5531454
MHBC1,CA,38.50018619,-121.0452212
MFTC1,CA,39.818888888889,-120.445
MHDT1,TN,35.882778,-84.297222
MFPI1,ID,44.1086111,-115.9822222
MHOM6,MS,34.73639,-90.44833
MHDP1,PA,40.9275,-79.2913888888889
MHPP1,PA,41.607222222222,-76.050555555556
MHGP1,PA,40.921666666667,-79.278055555556
MHSN2,NV,41.2526961,-115.2564468
MHTT1,TN,35.887222,-84.323333
MHRV2,VA,37.327584,-80.04045
MIDI1,ID,44.7215194,-115.0143472
MHSA2,AK,65.001388888889,-150.625
MILW2,WV,39.281944444444,-77.789444444444
MILU1,UT,40.694166666667,-111.75083333333
MILO1,OH,41.300885,-82.60823
MIRV2,VA,38.21642,-79.13306
MILN4,NJ,40.68,-74.528888888889
MISO1,OH,41.299501,-80.75841
MJBV2,VA,37.323611111111,-76.4275
MILM8,MT,46.420772,-105.860033
MKNW1,WA,46.933611111111,-122.55972222222
MKLK2,KY,38.77525,-84.972389
MLBA4,AR,35.576944444444,-94.015277777778
MKSM6,MS,34.2562224,-90.2659263
MLKW1,WA,46.00791557,-118.1185595
MLBO3,OR,42.6512372,-122.6914288
MLGG1,GA,33.089444444444,-83.215555555556
MLII2,IL,41.4625,-90.5
MLGO1,OH,39.171388888889,-84.298055555556
MLLA1,AL,33.57511416,-88.0833605
MLRM2,MD,39.068333333333,-76.651666666667
MLPC1,CA,36.819,-119.3409
MLPK2,KY,38.28034736,-85.7991305
MLIC1,CA,38.042777777778,-121.92
MLRM8,MT,45.526666666667,-112.70083333333
MLVL1,LA,30.690555555556,-91.736111111111
MMRW1,WA,47.140833333333,-121.93
MLUK2,KY,38.26590376,-85.7688518
MLUL1,LA,32.500277777778,-92.119722222222
MMCK2,KY,37.18004845,-86.1124757
MMOI2,IL,41.328408,-88.755137
MMCC1,CA,41.18611111,-122.0588888
MMDN6,NY,42.7305555555556,-77.9044444444445
MMGO1,OH,39.6445028,-84.2896639
MNDA2,AK,58.429722222222,-134.57277777778
MNTM3,MA,42.5802222,-72.5745
MNRC2,CO,37.3572184,-108.254803
MNLM6,MS,30.662222222222,-89.686111111111
MNVN4,NJ,40.555555555556,-74.582777777778
MNSW1,WA,47.011666666667,-123.65416666667
MNTG1,GA,32.293055555556,-84.043611111111
MNSP1,PA,40.998611111111,-75.143055555556
MNPV2,VA,36.778333333333,-76.301666666667
MNRO3,OR,44.313055555556,-123.29638888889
MOAN2,NV,36.711111111111,-114.69444444444
MOCG1,GA,33.946666666667,-83.422777777778
MOFW2,WV,39.012222222222,-78.956388888889
MONV1,VT,44.256666666667,-72.593888888889
MONL1,LA,30.686111111111,-90.643055555556
MONP1,PA,41.706944444444,-76.485
MOOV1,VT,44.277222222222,-72.743055555556
MOEA3,AZ,36.105,-111.20111111111
MONO3,OR,44.8137582,-119.4316565
MODO3,OR,45.6220678,-120.9056203
MONN7,NC,35.627222222222,-79.116111111111
MORW1,WA,47.4092706,-121.7239955
MONA2,AK,62.105278,-150.0575
MORA4,AR,35.126944444444,-92.731666666667
MONI3,IN,39.007222222222,-86.513333333333
MORW2,WV,39.62,-79.969166666667
MORI2,IL,41.354583,-88.4285
MORI1,ID,43.648055555556,-115.98972222222
MOWV2,VA,36.585337,-81.314091
MOSC1,CA,37.786111111111,-121.30611111111
MPLP1,PA,40.392222222222,-77.935277777778
MPTA2,AK,60.433055555556,-149.37388888889
MPLO3,OR,44.063333333333,-123.88277777778
MPTC1,CA,37.4974356,-121.7735644
MRCT2,TX,28.699166666667,-95.975
MRDM6,MS,32.475833333333,-88.811111111111
MRFA1,AL,32.10014534,-87.397773019
MRDO1,OH,39.79728106,-84.088548
MRMC1,CA,39.7083333333333,-121.266666666667
MRNC1,CA,40.18177947,-123.776116
MRKF1,FL,30.150555555556,-84.210555555556
MRML1,LA,30.19,-92.590555555556
MRLV2,VA,38.1323,-79.0921
MRRV2,VA,38.47822705,-77.99597613
MRXC1,CA,35.378333333333,-120.85333333333
MRYC1,CA,39.1757251,-121.5249647
MRNN6,NY,42.037777777778,-73.9725
MROI2,IL,39.8311922,-90.55984514
MROS1,SC,33.655,-78.918333333333
MSNA4,AR,35.013055555556,-90.719166666667
MRRM6,MS,30.978055555556,-88.726944444444
MSNN4,NJ,40.1117,-74.0447
MROW1,WA,47.831111111111,-122.04722222222
MRTP1,PA,40.054444444444,-76.531111111111
MSPM5,MN,45.0433,-93.2794
MSCM5,MN,44.1595,-91.81
MSGC1,CA,38.054,-121.012
MSQO1,OH,41.299779,-80.75841
MSSN6,NY,44.933888888889,-74.893333333333
MSSI3,IN,40.7155032220001,-85.958138882
MSSN7,NC,35.0648,-83.9257
MTAO1,OH,39.4094444444444,-81.4577777777778
MTCM6,MS,31.55333,-90.08805
MTGN4,NJ,41.309166666667,-74.795555555556
MTCV2,VA,37.225,-77.475555555556
MTOC1,CA,40.31316145,-124.2833536
MTKN6,NY,41.0481,-71.9593
MTVV2,VA,36.664183,-79.883794
MTLP1,PA,40.1925,-76.728333333333
MTTL1,LA,30.698611111111,-92.893888888889
MTMP1,PA,41.370555555556,-74.697777777778
MTXV2,VA,37.421388888889,-77.859166666667
MTRN6,NY,42.014472,-74.270194
MUDN2,NV,36.64301,-114.5389
MUPC1,CA,39.182777777778,-122.91083333333
MURV2,VA,37.745666,-79.526419
MUTC1,CA,33.4797,-117.1431
MUDW1,OR,46.0758333333333,-121.9975
MUSI4,IA,41.390833333333,-91.055277777778
MVVC1,CA,34.573055555556,-117.31972222222
MVCO3,OR,43.9533333333333,-117.451666666667
MVEN2,NV,38.004167,-114.206111
MVYN2,NV,37.558378,-114.563056
MWXC1,CA,33.968611,-117.4475
MVEW1,WA,48.445,-122.33416666667
MYPO3,OR,43.06566537,-124.1470479
MYKO3,OR,45.549107,-118.774251
MYVK2,KY,38.684104,-83.783897
MYNO3,OR,43.06817778,-124.1078444
MYRU1,UT,40.20023757,-110.0637613
MYSU1,UT,38.32803395,-112.1877015
NACW1,WA,46.7454015,-120.76924
MYVT1,TN,35.785536,-83.884703
NASW1,WA,46.3739937,-123.743482
NAMO3,OR,43.778055555556,-117.74194444444
NAVC2,CO,37.03028919,-106.7378136
NANM1,ME,44.8692,-69.955
NAST1,TN,36.161388888889,-86.772777777778
NBCT2,TX,29.705833333333,-98.122222222222
NBGI3,IN,37.928333333333,-87.375
NATP1,PA,40.615277777778,-79.718611111111
NAPM7,MO,39.133169,-94.064225
NBDM3,MA,41.62,-70.910277777778
NBOI2,IL,41.191388888889,-91.055555555556
NBRT2,TX,29.714722222222,-98.109722222222
NCDV2,VA,38.319722222222,-77.036666666667
NCKN6,NY,43.700833333333,-73.983333333333
NBYC1,CA,35.788611111111,-121.09277777778
NCHT2,TX,29.7262,-95.2658
NCOC1,CA,38.891111111111,-121.60388888889
NCFV2,VA,38.4499,-78.5721
NEBN1,NE,40.681778,-95.847111
NEBO3,OR,45.284722222222,-122.96027777778
NCUW2,WV,40.528055555556,-80.625833333333
NEPT1,TN,35.960555555556,-83.174444444444
NECL1,LA,32.0708,-91.9281
NEIN6,NY,43.097222222222,-75.638888888889
NEUU1,UT,40.5913396,-110.1143226
NFDC1,CA,38.93600919,-121.023833
NEVN6,NY,41.441111111111,-74.602222222222
NFEC1,CA,40.0111111111111,-121.216944444444
NFNW1,WA,48.90595739,-121.8443104
NEWW1,WA,46.620277777778,-122.94388888889
NFFQ2,MT,49.00124,-114.4756389
NFVU1,UT,37.2097046,-112.9785512
NHPP1,PA,40.364722222222,-74.948888888889
NHRI3,IN,38.1308333333333,-87.9413888888889
NITS1,NC,33.351666666667,-79.186666666667
NINA2,AK,60.048333333333,-151.66472222222
NILC1,CA,37.58715679,-121.960793
NIAW3,WI,45.767777777778,-87.980555555556
NIXN2,NV,39.7773722,-119.3375222
NLHC3,CT,41.361,-72.095556
NISW1,WA,46.752777777778,-122.0825
NKTA2,AK,60.6666666666667,-151.385555555556
NLGL1,LA,32.089167,-91.489722
NITW1,WA,48.9846,-119.6184
NKSW1,WA,48.84483249,-122.5893389
NJNT1,TN,36.017777777778,-88.004166666667
NLGI2,IL,39.93952,-90.535273
NLSA2,AK,56.004067,-161.175087
NKTT1,TN,35.008611,-85.627222
NKJT1,TN,34.999167,-85.619167
NMDM7,MO,36.58306,-89.53222
NMTA2,AK,64.5,-165.41888888889
NMFC1,CA,39.0237732,-120.720604
NNKA2,AK,58.7321,-156.9833
NOLK2,KY,37.278333333333,-86.2475
NOCG1,GA,33.969722222222,-83.3775
NOTG1,GA,34.958333333333,-84.088333333333
NORL1,LA,29.934722222222,-90.136111111111
NORI3,IN,39.9106,-86.1056
NOMT1,TN,36.405277777778,-88.854722222222
NPTC2,CO,38.179388,-104.139428
NRBL1,LA,30.504166666667,-90.545833333333
NPTA4,AR,35.605277777778,-91.288888888889
NPOC1,CA,35.280555555556,-120.66805555556
NPTP1,PA,40.478333333333,-77.129444444444
NRWC1,CA,34.637222222222,-120.42444444444
NRST1,TN,36.2275,-84.093611
NRTT1,TN,36.220833,-84.090278
NRSP1,PA,40.111111111111,-75.347222222222
NRWM3,MA,42.1775987,-71.2008863
NRSV2,VA,36.8424132,-76.5224197
NRKW1,WA,48.84178209,-122.2943258
NROV2,VA,37.186749,-80.352517
NSSW1,WA,48.67761256,-122.1665454
NSHN3,NH,42.7634,-71.4428
NSTN3,NH,44.7498,-71.6317
NTFV2,VA,37.5077,-79.9032
NTRV2,VA,38.66433029,-78.21777605
NSWV2,VA,37.476388888889,-75.935277777778
NTWV2,VA,37.134927,-81.51539
NSPW1,WA,47.32981429,-123.2432128
NTZM6,MS,31.544017,-91.433412
NTKM3,MA,41.2853,-70.0964
NTYV1,VT,44.972777777778,-72.385833333333
NUTF1,FL,30.112222222222,-83.98
NVIW3,WI,42.8575,-88.9409
NVRN6,NY,41.826944444444,-74.638888888889
NVRC1,CA,39.1704079,-123.6680415
NWBI3,IN,38.9281,-87.0193
NWPO1,OH,40.480833333333,-81.448333333333
NWFM1,ME,44.2228,-69.5939
NWTO1,OH,41.127279,-80.97759
OAKA3,AZ,34.861666666667,-111.76111111111
OBCL1,LA,30.639722222222,-92.814444444444
NWMC1,CA,37.3504928,-120.97715
NWPT1,TN,35.982812,-83.160088
OAKO3,OR,43.801388888889,-122.55972222222
OACA3,AZ,34.764444444444,-111.89027777778
NWPR1,RI,41.5044,-71.3261
OBNT1,TN,36.24076,-89.217575
OAWU1,UT,40.7371721,-111.2479652
OCCT1,TN,35.040426,-84.466672
OCAN7,NC,35.115277777778,-75.987222222222
OCIM2,MD,38.3283333,-75.0916667
OAKT1,TN,35.9831307,-84.557992
OARM6,MS,32.298333,-88.753611
OCAT1,TN,35.095,-84.6466
OBLA1,AL,30.7083,-88.0433
OBBC1,CA,37.788238,-120.762503
OCAW4,WY,43.72388,-108.53527
OFRP1,PA,41.359166666667,-75.744722222222
OCUO3,OR,45.348055555556,-122.62055555556
OFAM6,MS,32.70611,-89.67194
OCTT1,TN,35.0966,-84.6541
OGHU1,UT,41.26855226,-111.6741004
OGSN6,NY,44.6319444444444,-75.4761111111111
OHHT1,TN,36.2641,-86.63912
OIBN7,NC,33.8955,-78.435
OHOC2,CO,38.587777777778,-106.93083333333
OHIT1,TN,36.296666666667,-86.658333333333
OKBO2,OK,35.565615,-97.367258
OKMW1,WA,48.28126,-119.7045
OKGM4,MI,43.43085818,-85.5955989
OLVL1,LA,30.75638889,-91.04388889
OLNN6,NY,42.072222222222,-78.451944444444
OLSA2,AK,52.94061,-168.87131
OKNW1,WA,48.93072,-119.4203
ONCN4,NJ,39.2858,-74.5756
OMHN1,NE,41.259054,-95.923221
ONDN6,NY,42.983333333333,-76.151111111111
OPDU1,UT,41.254387,-111.8557727
ONSC1,CA,41.30343278,-123.5344618
ONGM2,MD,39.4047222222222,-76.7794444444445
ORBS1,SC,33.483333333333,-80.873611111111
OREC1,CA,37.31549247,-121.1252081
ORAM6,MS,30.458611111111,-88.451944444444
ORCO3,OR,45.3579,-122.6098
ORFI1,ID,46.478611111111,-116.25638888889
ORFC1,CA,39.628055555556,-121.99305555556
OPLP1,PA,39.870833333333,-79.493055555556
ORIV2,VA,37.47588,-79.876154
ORIC1,CA,41.2992896,-124.0511825
ORIN7,NC,35.796388888889,-75.549722222222
ORTW1,WA,47.039444444444,-122.20666666667
OSAC1,CA,34.76691944,-120.43335
OSYM6,MS,31.012222222222,-90.461111111111
OTTC1,CA,38.5514444,-121.1099722
OSGA4,AR,35.660555555556,-89.933055555556
OTTO1,OH,41.017,-84.0469
OURC1,CA,39.4116666666667,-120.996944444444
OWGN6,NY,42.097222222222,-76.266666666667
OVIA2,AK,59.44,-151.72
OWSN6,NY,42.898888888889,-76.538055555556
OWYO3,OR,43.654722222222,-117.25444444444
OXDM6,MS,34.272777777778,-89.521388888889
PADP1,PA,39.967777777778,-75.188888888889
OZGA4,AR,35.4725,-93.812777777778
PACF1,FL,30.151944444444,-85.666944444444
PACI1,ID,46.731944444444,-117.02417
PABN4,NJ,40.5039,-74.2622
PACW1,WA,46.613055555556,-121.67805555556
PAHK2,KY,37.089444444444,-88.594444444444
PALI1,ID,43.349964,-111.217386
PACW4,WY,43.85048,-110.51757
PALN2,NV,40.6075,-116.200833
PARW1,WA,46.4970718,-120.4428397
PARN6,NY,44.598611111111,-74.7375
PARI1,ID,43.78166667,-116.9727778
PATC1,CA,37.493888888889,-121.08083333333
PATW1,WA,48.0774,-119.9851
PARP1,PA,41.100555555556,-79.681388888889
PAWW2,MD,39.538888888889,-78.456388888889
PAZM7,MO,37.194444444444,-90.503333333333
PBIV2,VA,36.63625,-81.157444
PASV1,VT,44.365555555556,-72.039722222222
PBGN6,NY,44.681666666667,-73.471666666667
PBFA4,AR,34.288611111111,-91.994722222222
PARW2,WV,39.2680555555556,-81.5638888888889
PCGC1,CA,38.7787587,-122.51745
PCBF1,FL,30.214722222222,-85.878055555556
PCCC2,CO,39.1836111,-108.2683333
PCEV2,VA,36.642222222222,-79.089722222222
PCGV2,VA,38.1637,-79.0862
PCLF1,FL,30.4044,-87.2112
PCKN2,NV,40.38125,-116.1251389
PCNC1,CA,33.745,-116.534722
PCKW4,WY,44.53582,-106.82248
PCWV2,VA,38.1349,-78.3928
PDTO3,OR,45.67207498,-118.7927637
PDES1,SC,34.204166666667,-79.548611111111
PEBN4,NJ,39.969444444444,-74.684444444444
PERL1,LA,30.385,-89.7366666666667
PEPN6,NY,42.077222222222,-74.967777777778
PESW1,WA,47.5832,-120.6195
PETW2,WV,38.991111111111,-79.176111111111
PGFM6,MS,30.610555555556,-88.641388888889
PFAA4,AR,33.97861111,-91.384444
PHCN2,NV,39.89030556,-116.3782778
PHLO3,OR,44.672222222222,-117.99444444444
PHBP1,PA,39.9333,-75.1417
PHDP1,PA,39.9566,-75.1803
PHOC1,CA,36.98,-121.3802778
PHIW2,WV,39.150277777778,-80.038888888889
PHIO3,OR,44.525,-123.334722
PHNA2,AK,56.921388888889,-158.80611111111
PHLA2,AK,63.240833333333,-145.4675
PIDC2,CO,37.0883333333333,-107.397222222222
PIHI1,ID,42.871614,-112.468206
PIAI2,IL,40.703339,-89.561251
PIIC1,CA,36.60936829,-121.2029416
PIEN6,NY,44.234722222222,-74.572222222222
PINN4,NJ,40.8625,-74.321666666667
PILW1,WA,47.935,-122.07194444444
PIQO1,OH,40.150833333333,-84.228888888889
PITW1,WA,45.75651098,-121.2100714
PIXW4,WY,41.93796,-110.98689
PKVM7,MO,39.191653,-94.769842
PKTO1,OH,39.07006954,-83.0196224
PKMK2,KY,38.268611111111,-84.814722222222
PKMN6,NY,41.7216666666667,-73.9411111111111
PLGA4,AR,34.972777777778,-90.884722222222
PLDI1,ID,43.330278,-111.20612
PLAM6,MS,32.8414,-89.0978
PLFA3,AZ,36.872222222222,-111.59388888889
PLMN3,NH,43.7592,-71.6856
PLNM8,MT,47.429722222222,-114.855
PLOI1,ID,46.91528,-116.9511
PLKT1,TN,35.195,-87.063888
PMAN6,NY,43.0651,-77.2494
PLYC1,CA,41.2307286,-120.4371726
PLXA2,AK,56.246666666667,-134.64666666667
PMAW2,WV,39.72,-79.856111111111
PLVO2,OK,34.754802,-97.251412
PMRP1,PA,39.726944444444,-79.911666666667
PMOA2,AK,55.99,-160.562
PNCP1,PA,40.866666666667,-77.048611111111
PNEC1,CA,36.65245145,-120.6321186
PNVO1,OH,41.718888888889,-81.228055555556
PNTA3,AZ,32.0359141,-110.6775818
POCC1,CA,34.402222222222,-118.90527777778
POCA4,AR,36.254166666667,-90.970277777778
POHC1,CA,37.71687138,-119.6662788
POLA3,AZ,35.65480556,-110.563
PORI3,IN,40.4277777777778,-85.0388888888889
POOC3,CT,41.41925,-73.2821
PORM2,MD,39.273611111111,-77.543055555556
POPW2,WV,38.8438888888889,-82.1397222222222
PORI1,ID,48.99639,-116.5075
POWO3,OR,42.89149904,-124.070652
PPTN4,NJ,40.991944444444,-74.28
PPPN4,NJ,40.969722222222,-74.281944444444
PRBM2,MD,39.30886944,-77.63098889
PPBM7,MO,36.759722222222,-90.388055555556
PORO1,OH,38.72913196,-82.9968686
PPFK1,KS,37.34006,-95.10997
PPPU1,UT,40.23925556,-111.7111944
PRAI2,IL,40.630578,-89.625928
PRBC1,CA,35.628611111111,-120.68333333333
PRDA2,AK,70.4,-148.52666666667
PRCM8,MT,47.586111111111,-115.35416666667
PRDT2,TX,29.52,-104.28638889
PRDW1,WA,46.62874,-119.8647
PRDK2,KY,37.263888888889,-86.977777777778
PRBQ9,AK,67.424166666667,-140.89111111111
PRIO1,OH,41.1313888888889,-80.9713888888889
PRCI1,ID,47.70611,-115.9792
PRLI1,ID,44.08527778,-115.6222222
PRII1,ID,46.498611111111,-116.76194444444
PRLI3,IN,38.435,-86.705555555556
PRLU1,UT,40.709444444444,-111.79666666667
PRTI1,ID,48.2085,-116.9146
PRPI1,ID,44.0422222,-116.9252778
PRTN6,NY,42.5702,-78.042
PRZU1,UT,41.5754898,-111.8552203
PRVT1,TN,35.624722222222,-88.038888888889
PRTO3,OR,45.518333333333,-122.67111111111
PRTV2,VA,37.834596,-75.979416
PSBC2,CO,39.7957222,-106.5743472
PSBM1,ME,44.91889,-67.01194
PSPC2,CO,37.26552778,-107.011
PSNW2,WV,39.121666666667,-79.675277777778
PSPT1,TN,35.014236,-86.994657
PTNP1,PA,40.241666666667,-75.651944444444
PUTC3,CT,41.909475,-71.91386389
PTVN6,NY,42.319444444444,-74.436944444444
PTVK2,KY,37.81553,-82.790675
PTRI3,IN,38.51088224,-87.2894583
PTTP1,PA,40.439444444444,-80.010833333333
PTTC1,CA,37.48659935,-121.2091026
PUCA3,AZ,35.18224625,-109.4470509
PVLL1,LA,30.3325,-90.8519444444444
PTRN3,NH,42.8626,-71.9592
PUWO3,OR,45.151231,-122.804326
PVHM3,MA,42.0497,-70.1822
PWBA3,AZ,32.2206319,-110.829531
PWDO3,OR,44.768333333333,-117.83055555556
PULW1,WA,46.73238,-117.181
PVLK2,KY,36.7638888888889,-83.6927777777778
PUYW1,WA,47.208611111111,-122.32583333333
PTTA4,AR,35.2697222,-91.23638888
PVUC1,CA,35.106608,-120.626086
PWDM7,MO,37.1855,-91.1779
PYAV2,VA,37.857777777778,-78.266111111111
QMSC1,CA,35.27475,-120.669675
QPTR1,RI,41.5869,-71.41
QLDI2,IL,39.902245,-91.430302
QCCO3,OR,44.540277777778,-122.43527777778
QNRN2,NV,41.974,-117.5956944
QUSW2,WV,38.47203988,-81.2841933
RBBT2,TX,29.98,-93.8817
RACW2,WV,38.9166666666667,-81.9122222222222
RAPN6,NY,43.0930555555556,-78.6361111111111
RATM6,MS,32.59416,-89.84055
RBRU1,UT,40.78,-111.80416666667
RAWW1,WA,46.5319,-121.9569
RAPV2,VA,37.9504,-76.8867
QUAO2,OK,36.934444444444,-94.746111111111
RCCM8,MT,46.7225,-113.68222222222
RCCN7,NC,35.0107,-79.0161
RCKN2,NV,39.78977778,-116.3009444
RCKI2,IL,41.517777777778,-90.561944444444
RCKN6,NY,42.377777777778,-75.406388888889
RCRV2,VA,37.397222,-80.80122
RCYC2,CO,39.23263889,-107.2275
RDBC1,CA,40.154444444444,-122.20194444444
RDAN1,NE,41.05748,-95.927606
RDOM4,MI,44.676944444444,-84.2925
RDLO3,OR,42.9234502,-123.428957
RDRP1,PA,40.334722222222,-75.936666666667
RDDA2,AK,67.576944444444,-164.065
RDWM5,MN,44.6103,-92.6103
RDFV2,VA,37.141666666667,-80.569444444444
RDRC1,CA,36.4748611,-121.7288889
REDM5,MN,44.5653,-92.5424
RDYD1,DE,39.5583,-75.5717
REEO3,OR,43.705,-124.095
RENV2,VA,38.530555555556,-77.813888888889
REXI1,ID,43.825858,-111.905011
RFDG1,GA,32.64927778,-81.8407778
RESA2,AK,60.195,-149.58944444444
RGCV2,VA,37.2845,-79.9013
RGBV2,VA,37.2411,-79.9221
RGLN4,NJ,40.594722222222,-75.189722222222
RERC2,CO,39.50831949,-106.3666948
RGHV2,VA,38.37957781,-77.78513038
RHLL1,LA,31.754166666667,-92.344444444444
RICA3,AZ,32.30340807,-111.0120406
RIDI1,ID,43.580278,-111.742778
RHRN6,NY,43.1806,-77.6278
RINA3,AZ,32.12952258,-110.625914
RIGA4,AR,35.671666666667,-90.338055555556
RHBV2,VA,37.288,-79.9792
RIPM1,ME,45.878333333333,-69.1775
RIPC1,CA,37.72965078,-121.1104934
RICV2,VA,37.525,-77.421111111111
RILA3,AZ,32.2714643,-110.9145354
RIGI1,ID,45.413055555556,-116.32472222222
RISW1,WA,47.3325,-120.08
RIOC1,CA,38.50852336,-122.9277737
RLTT1,TN,35.637222,-89.609444
RLOT2,TX,29.515,-94.5133
RMFM1,ME,44.5519,-70.5441
RMDV2,VA,37.563055555556,-77.547222222222
RMSC1,CA,38.8898988,-122.2383082
RMCV2,VA,37.252193,-79.998097
RMKC1,CA,38.6410198,-122.7638792
RMOT2,TX,29.582222222222,-95.7575
RMRV2,VA,37.2468,-79.9797
RMYT2,TX,30.425,-94.8505555555556
RNDV2,VA,36.915,-78.741111111111
RNOO1,OH,39.360277777778,-81.320833333333
ROCN2,NV,40.830277777778,-116.58833333333
ROBL1,LA,30.506388888889,-90.361666666667
RODW1,WA,48.7327777777778,-121.067222222222
ROCM6,MS,31.79083,-90.1425
ROKN7,NC,35.954166666667,-77.7875
RNTW1,WA,47.482777777778,-122.20222222222
ROST1,TN,35.054166666667,-89.540833333333
RONV2,VA,37.258333333333,-79.938888888889
ROHN6,NY,43.141666666667,-77.616388888889
ROKU1,UT,40.4932799,-110.5782169
ROVP1,PA,41.3237,-77.75
RONN6,NY,41.799166666667,-74.43
ROXM1,ME,44.6428,-70.5889
ROUN6,NY,44.996389,-73.359722
ROWW2,WV,39.349763,-79.667919
RPIL1,LA,30.952777777778,-93.352777777778
ROSN6,NY,41.843055555556,-74.086388888889
RRHW1,WA,47.530277777778,-120.29694444444
RPCV2,VA,37.2827,-80.0089
ROST2,TX,29.349444444444,-95.582222222222
RRLK2,KY,37.62,-86.499444444444
RRCV2,VA,38.759361,-78.02797
RRIC1,CA,37.963055555556,-121.36472222222
RRGC2,CO,39.62692468,-107.7575645
RRLL1,LA,30.960833333333,-91.664444444444
RRLV2,VA,38.6841,-77.9035
RROV2,VA,38.47340893,-78.31444543
RRTN4,NJ,40.570555555556,-74.679166666667
RSBO3,OR,43.211111111111,-123.34972222222
RRVL1,LA,30.055555555556,-90.568611111111
RRWL1,LA,31.2194,-91.7522
RSFN5,NM,33.7171055555556,-108.757219444444
RRUV2,VA,38.28096725,-78.13964334
RSAM6,MS,31.3247,-91.1094
RRVA2,AK,61.09004878,-146.2001863
RSPF1,FL,26.51743,-81.992556
RSGN2,NV,40.5947972,-116.1732694
RULN1,NE,40.05361,-95.4219
RUFC1,CA,39.00028,-120.723053
RTMG1,GA,34.26052778,-85.17088889
RTRV2,VA,37.2764,-79.9486
RUMN3,NH,43.7956,-71.8454
RUDC2,CO,39.36554075,-106.8255948
RUPM8,MT,46.4277194,-108.5701028
RVBC1,CA,38.159722222222,-121.68638888889
RVRT2,TX,30.8591666666667,-95.3986111111111
RVSC1,CA,34.175833333333,-119.09916666667
RVRN6,NY,43.609444444444,-73.7375
RVTI3,IN,39.020277777778,-87.568611111111
RYGO3,OR,42.43734597,-122.9872678
RYPN6,NY,40.9623,-73.6726
RYEA4,AR,33.700833333333,-92.025833333333
SACC1,CA,38.588673,-121.504967
RYVN6,NY,44.838888888889,-74.979166666667
SACN6,NY,43.315833333333,-73.9275
SACM8,MT,48.5092,-107.21875
SACM2,MD,39.449722222222,-77.730277777778
SAKW1,WA,48.4247222222222,-121.567222222222
SALA2,AK,64.47152778,-146.9280556
SAMC1,CA,38.568888888889,-121.4225
SALT1,TN,35.375555555556,-88.201388888889
SAPN1,NE,40.9767,-97.1584
SALW4,WY,43.07972,-111.03722
SAMA1,AL,33.4791666666667,-87.5972222222222
SALV2,VA,36.896666666667,-81.746388888889
SAPA3,AZ,31.62592644,-110.1745226
SAMA2,AK,58.444722222222,-135.74194444444
SAVM5,MN,44.788,-93.3294
SAXM3,MA,42.3253732,-71.3975605
SAVT1,TN,35.224722222222,-88.256944444444
SARM6,MS,34.575555555556,-90.224444444444
SBCA3,AZ,32.3147222,-110.8109167
SAXV2,VA,37.9188,-75.7275
SATW1,WA,47.000833333333,-123.49361111111
SATI1,ID,47.17611,-116.4933
SBNG1,GA,31.121666666667,-81.483055555556
SBYP1,PA,40.834444444444,-76.826944444444
SBRC1,CA,41.3765154,-123.4770026
SCCA3,AZ,31.8714728,-110.9800905
SBNV2,VA,36.693333333333,-78.900555555556
SCDT2,TX,28.861388888889,-97.226111111111
SCCN2,NV,36.159722,-115.044444
SCBC1,CA,40.002947,-120.9543994
SCEV2,VA,38.820779,-78.567569
SCCC2,CO,38.9016487,-107.921176
SCKA2,AK,55.801388888889,-133.10861111111
SCIR1,RI,41.75,-71.5891666666667
SCLM7,MO,38.788888888889,-90.470833333333
SCLO3,OR,45.46927968,-123.200109
SCLN6,NY,44.509722222222,-74.883611111111
SCJU1,UT,40.73522634,-111.4760313
SCCC1,CA,34.596667,-119.907778
SCNA3,AZ,31.3445443,-110.851474
SCHV2,VA,38.438131,-78.862755
SCRA1,AL,34.643611111111,-85.980277777778
SCNO3,OR,42.4861111,-121.2777777
SCOC1,CA,40.49149394,-124.0997407
SCRO1,OH,39.273333333333,-84.411111111111
SCSU1,UT,40.72755556,-111.927361
SDDC1,CA,36.411076,-121.3193738
SCPC1,CA,34.403611111111,-118.73833333333
SCTM3,MA,42.199444444444,-70.72
SDHN4,NJ,40.4667,-74.01
SCTA3,AZ,32.47145874,-111.3076074
SCRN2,NV,39.377133,-119.7436583
SEIM1,NH,43.079755,-70.741071
SCRO3,OR,43.349842,-122.7289415
SEKC1,CA,35.355833333333,-120.785
SEGT2,TX,29.551944444444,-97.969722222222
SEKU1,UT,38.20609038,-112.2077024
SEIC1,CA,41.8537379,-123.2322733
SCWN2,NV,39.513055555556,-119.71138888889
SELI1,ID,46.086666666667,-115.51277777778
SEBV2,VA,36.770278,-77.166389
SESC1,CA,34.4416618,-118.9273212
SERO3,OR,44.7937468,-120.006677
SESM3,MA,41.7519,-70.1539
SEVT1,TN,35.878333333333,-83.577777777778
SFCM8,MT,48.356666666667,-114.03666666667
SFCC1,CA,37.42327257,-122.1894095
SFCA3,AZ,33.04950776,-109.2959047
SERI3,IN,38.9825,-85.8992
SFCO3,OR,44.046944444444,-122.21777777778
SFBN7,NC,36.2764,-81.5521
SFHN2,NV,40.6275,-115.73055555556
SFFA3,AZ,33.404357,-112.168729
SFEN1,NE,42.251518,-98.338579
SFRW4,WY,41.0538611,-110.3986389
SFRA4,AR,36.455833333333,-90.137777777778
SFYV2,VA,36.647995,-82.749237
SFLN2,NV,41.94472222,-114.68861111
SFSV2,VA,38.646111111111,-78.535
SGFO1,OH,39.9189,-83.8762
SGRA2,AK,69.015,-148.81722222222
SHBM6,MS,31.857575,-88.686906
SGSM2,MD,38.138333333333,-76.5
SHDT1,TN,36.520277777778,-82.095555555556
SHEC1,CA,38.51129745,-122.455813
SHEW2,WV,39.434722222222,-77.801388888889
SGNT2,TX,28.7716,-95.6168
SHEW4,WY,44.56496,-107.71287
SHIA2,AK,61.225555555556,-149.635
SGDU1,UT,38.873298,-111.9540931
SGNC1,CA,39.431666666667,-120.23694444444
SHLI3,IN,38.666944444444,-86.791944444444
SHNO3,OR,45.863611111111,-122.79624
SHPF1,FL,30.06,-84.290555555556
SHOP1,PA,41.088055555556,-75.038055555556
SHPP1,PA,41.265,-80.463055555556
SHBN6,NY,42.678611111111,-75.510833333333
SHRM4,MI,44.436388888889,-85.698611111111
SHRN5,NM,36.776666666667,-108.68305555556
SHDP1,PA,41.2661111111111,-80.4727777777778
SHYI1,ID,43.413125,-112.1349
SIDM1,ME,44.4722222,-69.6839
SHLM8,MT,48.4271972,-111.889836
SIGN4,NJ,40.8944,-74.2661
SIDM8,MT,47.6775,-104.15527777778
SIFI1,ID,43.604678,-112.058569
SIDO1,OH,40.286944444444,-84.149943
SIMC3,CT,41.86970556,-72.7972444
SIXA2,AK,60.820833333333,-149.42527777778
SHVT1,TN,35.480277777778,-86.499166666667
SHRP1,PA,40.4875,-79.915277777778
SJEC1,CA,34.4591666666667,-119.808055555556
SHNI2,IL,37.691944444444,-88.133333333333
SJMC1,CA,36.8105046,-120.3782256
SJOA4,AR,35.983055555556,-92.747222222222
SJFC2,CO,37.00113889,-109.0295833
SJMI1,ID,47.3169444444444,-116.554722222222
SKAW1,WA,46.27024,-123.45651
SKGA2,AK,59.468333333333,-135.30222222222
SKCT2,TX,31.940277777778,-94.988611111111
SJSM7,MO,39.75325,-94.856833
SKOM1,ME,44.763527,-69.7182959
SKOW1,WA,47.5144444444444,-123.328611111111
SKSC1,CA,35.259166666667,-120.66805555556
SKEC2,CO,39.6054,-105.9431
SKPC1,CA,39.095555555556,-122.96
SKRW1,WA,46.785778,-122.717627
SKTA2,AK,59.45,-135.31777777778
SILO3,OR,44.715277777778,-123.88861111111
SKWA2,AK,61.961944444444,-151.16694444444
SKLA2,AK,60.4663099,-150.60109
SLAI3,IN,40.807222222222,-85.677222222222
SLAC2,CO,39.6397,-106.0397
SLCA3,AZ,33.79810588,-110.4998292
SLAA2,AK,67.25444444,-150.1772222
SLIM2,MD,38.32,-76.45
SLKW1,WA,47.9744444444444,-121.686111111111
SLIC2,CO,38.0444444444444,-108.904722222222
SLFC2,CO,40.9825,-107.38222222222
SLNT2,TX,29.56758,-95.66822
SLMN6,NY,42.156388888889,-78.715555555556
SLMO3,OR,44.944166666667,-123.0425
SLLT1,TN,36.552222222222,-85.857222222222
SLOV2,VA,37.480416,-79.787299
SLUC1,CA,34.5885957,-120.4084938
SLTW1,WA,47.9075,-121.814166666667
SLOC1,CA,33.218055555556,-117.35944444444
SLRA3,AZ,33.6194949,-110.9215037
SLPA3,AZ,33.43948927,-111.9609781
SMHC1,CA,33.4738888888889,-117.141388888889
SMDP1,PA,40.323333333333,-77.169166666667
SMBA3,AZ,34.305854,-113.3471441
SMLI2,IL,37.158333333333,-88.426111111111
SMFN7,NC,35.512777777778,-78.35
SLYP1,PA,40.281944444444,-77.890833333333
SMML1,LA,30.9825,-91.798333333333
SMRW1,WA,48.54594127,-122.3382169
SMIT2,TX,30.0125,-97.161666666667
SMPC2,CO,38.03070556,-108.1102889
SMRC2,CO,40.2072,-105.8414
SMSV2,VA,36.9823,-76.6211
SMNI1,ID,45.183333333333,-113.89444444444
SMUC2,CO,38.357222222222,-108.71222222222
SNAW1,WA,47.9127333,-122.1064583
SNAI1,ID,43.197283,-112.369297
SNCA3,AZ,33.296388888889,-110.45083333333
SNDO3,OR,45.448611111111,-122.245
SNCC2,CO,38.9847034,-107.8545077
SNCP1,PA,40.994444444444,-79.394444444444
SNDA2,AK,55.33669,-160.502
SNYI1,ID,43.876111111111,-116.9825
SNMC2,CO,38.2441666666667,-108.501388888889
SNNP1,PA,41.317222222222,-78.103333333333
SNQW1,WA,47.615,-121.71222222222
SOHN3,NH,42.8576,-71.5062
SNWM4,MI,46.584166666667,-88.575833333333
SNOA2,AK,60.2944395,-149.3460397
SOMC2,CO,38.9258228,-107.4342211
SOLC1,CA,36.28052076,-121.3227063
SOSN7,NC,36.1268,-75.7433
SOLT2,TX,30.105833333333,-94.334444444444
SOSC1,CA,38.624166666667,-120.70055555556
SPAM5,MN,44.915,-93.199444444444
SPAN7,NC,36.460277777778,-81.167777777778
SOTC1,CA,34.382222222222,-119.3025
SPDI1,ID,46.44833,-116.8275
SPDV2,VA,36.8155,-81.1979
SPEW1,WA,47.139722222222,-122.09138888889
SPFN2,NV,38.93966944,-114.417811
SPGM3,MA,42.096388888889,-72.594722222222
SPKP1,PA,40.6125,-78.140833333333
SPOW1,WA,47.65933,-117.4491
SPPA3,AZ,31.38010095,-110.1111882
SPNI3,IN,39.281111111111,-86.762222222222
SPRA3,AZ,32.44618273,-110.4884183
SPRO3,OR,44.093055555556,-122.95611111111
SPRW2,WV,39.446944444444,-78.654444444444
SPTA3,AZ,31.7509224,-110.2011882
SPRC1,CA,36.631071,-121.672446
SPTT1,TN,35.011388888889,-85.6975
SPYC1,CA,38.903055,-120.60305
SQUW1,WA,47.5450119,-121.842336
SRDI2,IL,41.325062,-88.987417
SRCW1,WA,47.316111111111,-123.23694444444
SREC1,CA,34.0650131,-117.3003208
SRGM8,MT,47.301944444444,-115.08638888889
SRKU1,UT,38.19636955,-112.1477005
SRLM8,MT,48.21725,-114.313736
SRGT2,TX,29.860277777778,-98.383333333333
SRLV2,VA,38.060783,-78.894966
SRMO3,OR,45.399564,-122.137307
SRMW1,WA,48.533888888889,-121.42861111111
SRSU1,UT,37.07525867,-113.5930125
SRYA2,AK,59.586666666667,-139.4925
SSFO3,OR,44.4125,-122.6875
SSFW1,WA,48.095249,-121.974555
SSCO3,OR,44.392222222222,-122.49666666667
SSQC1,CA,34.83972,-120.16722
SSCN1,NE,42.485833333333,-96.413611111111
SSTC1,CA,37.295,-120.850833
SSWU1,UT,40.5875,-111.91277777778
STBA3,AZ,31.61286778,-111.0414792
STEN2,NV,39.20153889,-114.689161
SSUW1,WA,47.340555555556,-123.27888888889
STJQ7,NY,45.301388888889,-73.25
STIF1,FL,29.6680555555556,-83.3775
STGV2,VA,38.976666666667,-78.336388888889
STGM1,ME,43.9286,-69.2603
STII1,ID,46.086666666667,-115.97555555556
STHW1,WA,48.32958,-120.69176
STMC2,CO,40.4829861,-106.8324306
STLM5,MN,45.0561,-92.8041
STKA2,AK,56.708055555556,-132.13027777778
STPM5,MN,44.9444,-93.0881
STRM8,MT,47.296944444444,-115.12166666667
STLT2,TX,29.858888888889,-98.179722222222
STKN4,NJ,40.402777777778,-74.979166666667
STVC1,CA,37.370833333333,-120.92944444444
STSP1,PA,40.240277777778,-79.806666666667
STVC3,CT,41.383888888889,-73.168055555556
STTN4,NJ,40.572222222222,-74.868055555556
STWN2,NV,39.10768747778,-119.7132334
STTQ2,AK,57.900833333333,-131.15444444444
SULW2,WV,38.225833,-80.894722
SUNM6,MS,33.547222,-90.543056
SUNA2,AK,62.175277777778,-150.17361111111
SUSC1,CA,40.413611111111,-120.66416666667
SURO3,OR,42.951944,-123.334722
SUPA3,AZ,36.219444444444,-112.69
SUTW2,WV,38.661944444444,-80.693055555556
SVEV2,VA,37.797365,-78.491398
SVPL1,LA,32.515277777778,-93.740277777778
SUYC1,CA,34.968333333333,-120.40305555556
SVGC1,CA,34.585,-120.143611111111
SUVO3,OR,44.7825,-123.23472222222
SWAV1,VT,44.916666666667,-73.128888888889
SVRM7,MO,39.63457,-91.248203
SWLA2,AK,60.12,-149.42667
SUDA2,AK,63.103888888889,-147.51583333333
SWDP1,PA,40.419166666667,-79.026388888889
SWNM6,MS,33.860555555556,-90.276666666667
SWPV2,VA,36.946666666667,-76.33
SWRM8,MT,48.024444444444,-113.97888888889
SXTP1,PA,40.215833333333,-78.265555555556
SXRA2,AK,60.476666666667,-151.08222222222
SXPC1,CA,34.448611,-119.840278
SYCO3,OR,45.4775,-122.50833333333
TACN4,NJ,40.224166666667,-74.749166666667
TADU1,UT,40.30023027,-110.602381
SYCA3,AZ,33.69421054,-111.541802
TANW1,WA,47.486111111111,-121.64666666667
TAFA2,AK,64.792777777778,-147.83888888889
TALO2,OK,35.925833333333,-94.9225
TARC3,CT,41.9082833333333,-72.7593527777778
TAZT1,TN,36.425,-83.398333333333
TAYO1,OH,39.87450176,-84.16188479
TAZA2,AK,62.054722222222,-145.42777777778
TBBM6,MS,33.538206,-88.632175
TCBM2,MD,39.2133,-76.245
TCCC1,CA,41.11122108,-122.7055474
TCFM6,MS,31.7137,-89.1654
TCHW1,WA,46.0276341,-118.7297112
TCFC2,CO,39.5753,-106.11
TCRC1,CA,39.8830555555556,-122.516944444444
TDGL1,LA,32.431944,-91.366667
TEHC1,CA,40.028611111111,-122.11777777778
TCWF1,FL,28.171388888889,-82.362222222222
TDBC1,CA,34.318611111111,-119.12055555556
TEAI1,ID,43.926986,-111.613811
TEKC1,CA,33.4591666666667,-116.922777777778
TENN6,NY,41.6588888888889,-73.5288888888889
TESC1,CA,36.76579177,-121.2996532
TFFO1,OH,41.114166666667,-83.179722222222
TERI3,IN,39.46577,-87.41982
TGJP1,PA,41.9525,-77.115555555556
TGLW2,WV,39.3128703,-80.0336896
THRM8,MT,47.591944444444,-115.22861111111
THRV2,VA,38.6427,-78.1702
THNW1,WA,48.672777777778,-121.07166666667
THLC1,CA,39.1807402,-120.1193583
THCO2,OK,36.0169444444444,-95.8486111111111
TIDO3,OR,44.385954,-123.831778
TIKV2,VA,37.425009,-79.932393
THTC1,CA,38.255277777778,-121.44
TILO3,OR,42.9303985,-122.9483872
TILW1,WA,46.595555555556,-122.45833333333
TISC1,CA,39.026388888889,-121.82194444444
TIMC1,CA,34.0614024,-117.2675419
TJLO1,OH,39.541666666667,-82.0575
TIOP1,PA,41.473611111111,-79.438888888889
TJDO1,OH,39.541666666667,-82.0575
TJOO2,OK,36.0755555555556,-95.9602777777778
TKSN4,NJ,41.013333333333,-75.086111111111
TKSV2,VA,37.335049,-79.858719
TKSN7,NC,35.4275,-83.446944
TLCT2,TX,33.3862,-95.1322
TKUA2,AK,58.538611111111,-133.7
TLNA2,AK,63.316666666667,-142.64416666667
TLYO3,OR,45.125,-122.07222222222
TLRW1,WA,47.6937142,-121.689
TLMO3,OR,45.475833333333,-123.725
TMJC1,CA,38.090109,-121.686771
TNKP1,PA,41.558333333333,-75.895
TNAW1,WA,47.246388888889,-120.86111111111
TNTP1,PA,41.477777777778,-79.444166666667
TMVC3,CT,41.9873186,-72.6058333333333
TNYN6,NY,43.5247,-76.2566
TNRA3,AZ,33.9800413,-111.3034659
TODA4,AR,35.077222222222,-92.539722222222
TNUA2,AK,60.578055555556,-165.26916666667
TOMC2,CO,38.5211111,-106.9409583
TOSM8,MT,46.1465722,-111.4202778
TONA2,AK,61.661388888889,-145.18388888889
TONW1,WA,48.6324,-119.4617
TONN2,NV,39.9048,-116.4125
TORW2,WV,38.33898309,-81.841518
TOPK1,KS,39.099444444444,-95.724722222222
TODA1,AL,33.209166666667,-87.596388888889
TOWP1,PA,41.765277777778,-76.441111111111
TOLW1,WA,47.695833333333,-121.82277777778
TOTW1,WA,46.335,-122.840833
TPOM6,MS,34.235555555556,-88.695833333333
TPAK1,KS,39.066666666667,-95.649444444444
TRAC2,CO,38.86027127,-106.5666966
TPTM7,MO,36.412438,-89.537728
TRCC1,CA,39.2962952,-120.2054752
TRAO3,OR,45.4462181,-123.7103974
TREW3,WI,43.9986,-91.4357
TRBO3,OR,44.268055555556,-122.04861111111
TRBC2,CO,38.8183269,-106.6091977
TREN4,NJ,40.221666666667,-74.778055555556
TRFV2,VA,38.87944444,-77.1791667
TRLV2,VA,38.64845942,-78.0871304
TRJC1,CA,40.7284768,-123.0619736
TRLO2,OK,33.878711,-97.93448
TRSO3,OR,44.71206687,-122.7700878
TRPA2,AK,60.898055555556,-148.92194444444
TRRN2,NV,39.530188865,-119.7954684
TRYN6,NY,42.752222222222,-73.689444444444
TRUV2,VA,37.4054,-79.8889
TRYO3,OR,45.9457019,-117.4510089
TRYM8,MT,48.56172,-115.9701389
TRYO1,OH,40.03102,-84.1882
TRTA2,AK,62.346944444444,-150.01694444444
TSBN7,NC,34.3656,-77.632
TSCA3,AZ,32.22118727,-110.9817589
TUKC2,CO,39.519333,-106.3514167
TSLC1,CA,33.889,-117.5619
TVLK2,KY,38.016388888889,-85.307777777778
TWRN2,NV,38.8874302,-117.2453673
TXPT2,TX,29.6892,-93.8418
TVCA3,AZ,32.26535338,-110.841199
UBDW1,WA,48.6494444444444,-121.689444444444
TYLA1,AL,32.322222222222,-86.783888888889
TYAA2,AK,59.511944444444,-135.34444444444
TYTM6,MS,31.176944444444,-90.28
UCDP1,PA,41.907833,-79.89672
UCTP1,PA,41.920333,-79.8995
UJCV2,VA,37.456456,-80.319789
UCRC2,CO,38.1838791,-107.7458924
UCHA2,AK,64.9019722,-146.3613333
ULMM8,MT,47.4349666666667,-111.388444444444
UINI2,IL,39.932155,-91.416115
UKAC1,CA,39.1954471,-123.1950048
UMAO3,OR,45.9029103,-119.3269618
ULRA2,AK,63.871388888889,-160.78388888889
UMTW1,WA,46.8626264,-120.480067
UNDW1,WA,45.751944444444,-121.52666666667
UNLA2,AK,53.87919,-166.54031
UNDN6,NY,42.321388888889,-75.316944444444
UPBA3,AZ,31.635,-110.4247222
UNVC3,CT,41.7555472,-72.8870417
UNRC2,CO,38.24055556,-107.7603056
UNWK2,IN,37.7833333333333,-87.9794444444444
URRU1,UT,40.23357228,-109.8037549
VALO3,OR,43.9875,-117.2188889
VAPW1,WA,45.631388888889,-122.69638888889
VALI2,IL,39.70319521,-90.64307987
VAUM8,MT,47.5257777777778,-111.511036111111
VCAC1,CA,34.235,-119.21583333333
VDPA3,AZ,34.895,-112.34222222222
VBUA4,AR,35.431388888889,-94.356111111111
VCKM6,MS,32.315,-90.905833
VDCA3,AZ,34.8522416,-112.065994
VCVA2,AK,57.1253,-170.2852
VCNI3,IN,38.6814,-87.535277777778
VCVA3,AZ,34.448333333333,-111.78916666667
VDZA2,AK,61.125,-146.36166666667
VDTA3,AZ,34.073055555556,-111.71555555556
VIMT2,TX,30.4814,-94.3946
VIDO3,OR,44.124802,-122.46862
VISN2,NV,39.5204672,-119.7010198
VICT2,TX,28.792777777778,-97.012777777778
VING1,GA,33.858888888889,-84.454166666667
VICM8,MT,46.443333333333,-114.12277777778
VLTA3,AZ,36.891666666667,-113.92361111111
VIRU1,UT,37.2041494,-113.1807789
VNCC1,CA,38.050277777778,-121.49694444444
VMRF1,FL,27.138165,-82.359991
VNBM7,MO,36.991388888889,-91.013611111111
VNHM3,MA,41.433333333333,-70.602777777778
VNSC1,CA,37.6760406,-121.2663293
VNBC2,CO,37.4775,-107.54305555556
VONC1,CA,38.774166666667,-121.59805555556
VRBU1,UT,37.07,-113.5838889
VTRC1,CA,34.399444444444,-119.3075
WABM5,MN,44.3872,-92.0369
VSUV2,VA,37.915008,-79.194162
VSTN6,NY,42.090833333333,-76.056388888889
VRVC1,CA,34.35222038,-119.3084466
WADN2,NV,39.63213447,-119.2832254
VWBC1,CA,39.908888888889,-122.0925
WAHV2,VA,37.6083333,-75.685
WALN2,NV,39.1525,-119.09888888889
WAPN6,NY,41.653055555556,-73.873055555556
WALN6,NY,42.166111111111,-75.140277777778
WASN4,NJ,40.294444444444,-74.869444444444
WARC1,CA,36.098055555556,-120.44333333333
WASD2,DC,38.873333333333,-77.021111111111
WAUO3,OR,46.161111111111,-123.40833333333
WAPI4,IA,41.1780861,-91.1820939
WATU1,UT,39.97885629,-109.1787269
WATV1,VT,44.328333333333,-72.746111111111
WAYV2,VA,38.0575,-78.908333333333
WBGC1,CA,39.825,-121.5675
WBRP1,PA,41.252777777778,-75.879166666667
WBTT1,TN,35.608889,-84.778056
WBOT1,TN,35.625556,-84.778889
WBRW4,WY,43.0191,-110.1189
WBXM1,ME,43.66591667,-70.6027
WBVA3,AZ,34.674722222222,-111.67138888889
WBYA1,AL,30.4167,-87.825
WCBT2,TX,29.144,-95.6058
WCDP1,PA,41.695889,-80.10811
WCGU1,UT,40.49633109,-112.5744028
WCKC2,CO,40.1458,-105.9394
WCHW1,WA,48.168888,-121.469444
WCLN3,NH,43.3876,-72.362
WCLA3,AZ,34.538611111111,-111.69333333333
WCLO3,OR,43.913888888889,-122.6875
WCKV2,VA,37.489189,-76.310231
WCRC2,CO,40.1537,-105.9775
WCRN6,NY,42.222222222222,-77.418055555556
WDEM3,MA,42.53591957,-72.65342328
WDRA3,AZ,34.7828076,-110.0442837
WDTC1,CA,37.269908112,-121.9925924709
WDRF1,FL,30.708055555556,-84.865555555556
WDVA1,AL,34.624166666667,-86.306388888889
WENM1,ME,45.2361111,-68.65138889
WEHV1,VT,43.714166666667,-72.418611111111
WEII1,ID,44.245555555556,-116.98
WENN7,NC,36.4125,-79.826111111111
WELV1,VT,44.1534,-72.0418
WETC2,CO,39.3311111111111,-107.579444444444
WFBM8,MT,45.725,-114.280556
WESU1,UT,40.40522565,-112.1004959
WFLC2,CO,39.8339,-106.0558
WFDC2,CO,40.002,-106.1834
WFRA1,AL,30.37664,-88.15856
WGCM8,MT,48.495277777778,-114.00916666667
WHAT2,TX,29.308888888889,-96.103611111111
WGTM3,MA,42.63425619,-71.6578479
WHBC2,CO,40.17969335,-108.5653775
WHBI1,ID,45.750277777778,-116.32305555556
WHGM7,MO,38.559722222222,-91.0075
WHIC2,CO,40.013333333333,-108.0925
WHKP1,PA,41.570833333333,-79.408055555556
WFRC2,CO,40.0359,-106.205
WHIA1,AL,34.571666666667,-86.558055555556
WHLW2,WV,40.149722222222,-80.701666666667
WHOT2,TX,29.2152474995717,-97.4494352901303
WHLR1,RI,41.3106,-71.8583
WHRM8,MT,48.320277777778,-114.2775
WICT2,TX,33.909542,-98.533666
WHTT1,TN,35.2057214,-85.49703019
WILW2,WV,37.673055555556,-82.280277777778
WILN2,NV,40.171,-116.4866944
WIBP1,PA,40.463055555556,-78.2
WIDM5,MN,44.0865,-91.6685
WILN6,NY,42.977777777778,-78.763888888889
WILA2,AK,61.766666666667,-150.06666666667
WILW1,WA,46.651111111111,-123.65166666667
WILP1,PA,41.236111111111,-76.996944444444
WKAO3,OR,42.739925,-121.8345167
WKPA3,AZ,34.4625,-113.62361111111
WKLN7,NC,36.2014,-81.6646
WLCK2,KY,36.868889,-85.146667
WLBN3,NH,43.6462,-72.3123
WLBK2,KY,36.74333333,-84.156111111111
WLAO3,OR,45.047222222222,-123.50277777778
WLDM1,ME,45.5666666666667,-68.4
WLKC1,CA,39.01,-121.823611111111
WLGW2,WV,40.057222222222,-80.728611111111
WLMC3,CT,41.70037644,-72.1825
WLMM3,MA,42.5681488,-71.2152777777778
WLLN6,NY,42.1222222222222,-77.9572222222222
WLWA2,AK,61.780833333333,-149.88444444444
WLPN3,NH,43.1262,-72.4368
WMBT2,TX,29.994166666667,-98.088611111111
WLTO2,OK,34.362307,-98.282547
WLON7,NC,34.226666666667,-77.953333333333
WMND1,DE,39.7695,-75.5766944
WNBM5,MN,47.4283333333333,-94.05
WNAM5,MN,44.0556,-91.6375
WMGK1,KS,39.198333333333,-96.305277777778
WNBA3,AZ,33.71543,-112.88179
WNQN4,NJ,41.044166666667,-74.293055555556
WNTP1,PA,40.756944444444,-75.603333333333
WMSO3,OR,42.564375,-121.8797139
WNDV2,VA,37.615,-76.29
WODR1,RI,41.44510024,-71.68089828
WOCT2,TX,33.322222222222,-95.0925
WNRO3,OR,43.27205997,-123.4122993
WOOU1,UT,40.5577278,-111.1687838
WODI1,ID,43.389944,-113.999747
WOOC1,CA,38.76962765,-119.833789
WOOR1,RI,42.0063888888889,-71.5030555555556
WOON3,NH,43.9762,-71.6795
WORC2,CO,40.1883,-106.4144
WOPU1,UT,39.2644444,-110.3427778
WRAW1,WA,47.27482295,-122.2078967
WRMC2,CO,40.0335849,-107.86222
WRPN7,NC,34.0152,-78.6315
WRSU1,UT,39.8757928,-111.0373878
WRSV1,VT,44.381666666667,-72.770277777778
WROV2,VA,36.9293,-81.1322
WSDC1,CA,38.723055555556,-123.01
WRVV2,VA,37.3793,-76.4254
WRTO1,OH,40.110277777778,-83.031944444444
WSHM1,ME,46.77722,-68.15722
WSRI1,ID,44.27,-116.7722222
WSKF1,FL,26.574166666667,-81.891388888889
WSLO3,OR,45.350833333333,-122.675
WSNO3,OR,43.13317169,-123.3984053
WSRN6,NY,42.074722222222,-75.638055555556
WSPV2,VA,37.537031,-76.786194
WSFM3,MA,42.1067602,-72.698981
WTIC1,CA,33.7372222222222,-116.235277777778
WTLO3,OR,44.497777777778,-122.82194444444
WSTR1,RI,41.385267,-71.832897
WTGT1,TN,36.324166666667,-82.124166666667
WSTM6,MS,33.1944,-89.7711
WTFN6,NY,42.829166666667,-73.666666666667
WTHW1,WA,48.47347,-120.1773
WTGM6,MS,32.5883,-89.465
WTRU1,UT,40.5935653,-109.9323739
WTVO1,OH,41.500053,-83.71271
WULA2,AK,67.876111111111,-163.67444444444
WTTO2,OK,36.13,-94.571944444444
WVYN6,NY,41.984722222222,-76.501388888889
WWBC1,CA,38.379722222222,-119.44916666667
WVAA3,AZ,34.866666666667,-112.6125
WWCN1,NE,40.8678,-96.14
WVYM7,MO,39.215,-93.515
WWDA3,AZ,31.35232457,-109.5850677
WWHN2,NV,38.809722222222,-119.22638888889
WYDW1,WA,47.3855555555556,-123.604444444444
WWIC1,CA,33.7494444444444,-116.421944444444
WWPU1,UT,41.2782765,-112.0918866
WYNM6,MS,31.68248,-88.6835
XSRC1,CA,35.753611,-120.6875
YASC2,CO,40.2642611,-106.8917667
YDRC1,CA,33.3111436,-117.3472604
YEAA2,AK,64.790556,-141.202222
YATA2,AK,59.548055555556,-139.735
YDLC2,CO,40.45163387,-108.525101
YKTV2,VA,37.226666666667,-76.478333333333
YLKA2,AK,61.897841,-150.857312
YLEC1,CA,37.56132196,-121.6838389
XTOC1,CA,37.26888183,-121.99086096
YLLU1,UT,40.51189299,-110.341591
YMSC2,CO,40.28654444,-106.8290556
YREC1,CA,41.8229179,-122.5955813
YLOC1,CA,38.727126,-121.8071874
YTUK2,KY,38.1247,-82.6992
YRBA2,AK,65.875555555556,-149.71777777778
YTLC1,CA,34.0789,-117.3047
YTCC3,CT,41.558611111111,-72.121944444444
ZANO1,OH,39.938888888889,-82.0125
YWGM6,MS,33.6314,-90.1091
ZNRC1,CA,33.104722222222,-115.66361111111
YZOM6,MS,32.8579,-90.4368
ZCCC1,CA,34.648611111111,-120.18333333333
YSTA2,AK,61.7377,-150.665
ZUIN5,NM,35.100277777778,-108.75166666667
ZONI3,IN,39.946388888889,-86.260277777778
